assignment_id,task_id,LoadDateTimeStamp,RecordSource
1,1,2019-12-09 13:40:32,kaggle
1,2,2019-12-09 13:40:32,kaggle
1,3,2019-12-09 13:40:32,kaggle
2,4,2019-12-09 13:40:32,kaggle
2,5,2019-12-09 13:40:32,kaggle
2,6,2019-12-09 13:40:32,kaggle
3,7,2019-12-09 13:40:32,kaggle
3,8,2019-12-09 13:40:32,kaggle
3,9,2019-12-09 13:40:32,kaggle
3,10,2019-12-09 13:40:32,kaggle
4,11,2019-12-09 13:40:32,kaggle
4,12,2019-12-09 13:40:32,kaggle
4,13,2019-12-09 13:40:32,kaggle
4,14,2019-12-09 13:40:32,kaggle
5,15,2019-12-09 13:40:32,kaggle
5,16,2019-12-09 13:40:32,kaggle
5,17,2019-12-09 13:40:32,kaggle
5,18,2019-12-09 13:40:32,kaggle
6,19,2019-12-09 13:40:32,kaggle
6,20,2019-12-09 13:40:32,kaggle
6,21,2019-12-09 13:40:32,kaggle
7,22,2019-12-09 13:40:32,kaggle
8,23,2019-12-09 13:40:32,kaggle
8,24,2019-12-09 13:40:32,kaggle
8,25,2019-12-09 13:40:32,kaggle
8,26,2019-12-09 13:40:32,kaggle
9,27,2019-12-09 13:40:32,kaggle
9,28,2019-12-09 13:40:32,kaggle
9,29,2019-12-09 13:40:32,kaggle
9,30,2019-12-09 13:40:32,kaggle
10,31,2019-12-09 13:40:32,kaggle
10,32,2019-12-09 13:40:32,kaggle
11,33,2019-12-09 13:40:32,kaggle
11,34,2019-12-09 13:40:32,kaggle
12,35,2019-12-09 13:40:32,kaggle
12,36,2019-12-09 13:40:32,kaggle
12,37,2019-12-09 13:40:32,kaggle
12,38,2019-12-09 13:40:32,kaggle
13,39,2019-12-09 13:40:32,kaggle
14,40,2019-12-09 13:40:32,kaggle
14,41,2019-12-09 13:40:32,kaggle
15,42,2019-12-09 13:40:32,kaggle
15,43,2019-12-09 13:40:32,kaggle
16,44,2019-12-09 13:40:32,kaggle
16,45,2019-12-09 13:40:32,kaggle
17,46,2019-12-09 13:40:32,kaggle
18,47,2019-12-09 13:40:32,kaggle
19,48,2019-12-09 13:40:32,kaggle
19,49,2019-12-09 13:40:32,kaggle
19,50,2019-12-09 13:40:32,kaggle
19,51,2019-12-09 13:40:32,kaggle
20,52,2019-12-09 13:40:32,kaggle
20,53,2019-12-09 13:40:32,kaggle
21,54,2019-12-09 13:40:32,kaggle
21,55,2019-12-09 13:40:32,kaggle
22,56,2019-12-09 13:40:32,kaggle
22,57,2019-12-09 13:40:32,kaggle
22,58,2019-12-09 13:40:32,kaggle
23,59,2019-12-09 13:40:32,kaggle
23,60,2019-12-09 13:40:32,kaggle
24,61,2019-12-09 13:40:32,kaggle
24,62,2019-12-09 13:40:32,kaggle
24,63,2019-12-09 13:40:32,kaggle
24,64,2019-12-09 13:40:32,kaggle
25,65,2019-12-09 13:40:32,kaggle
25,66,2019-12-09 13:40:32,kaggle
26,67,2019-12-09 13:40:32,kaggle
26,68,2019-12-09 13:40:32,kaggle
27,69,2019-12-09 13:40:32,kaggle
27,70,2019-12-09 13:40:32,kaggle
27,71,2019-12-09 13:40:32,kaggle
28,72,2019-12-09 13:40:32,kaggle
28,73,2019-12-09 13:40:32,kaggle
28,74,2019-12-09 13:40:32,kaggle
28,75,2019-12-09 13:40:32,kaggle
29,76,2019-12-09 13:40:32,kaggle
29,77,2019-12-09 13:40:32,kaggle
30,78,2019-12-09 13:40:32,kaggle
31,79,2019-12-09 13:40:32,kaggle
31,80,2019-12-09 13:40:32,kaggle
31,81,2019-12-09 13:40:32,kaggle
32,82,2019-12-09 13:40:32,kaggle
32,83,2019-12-09 13:40:32,kaggle
32,84,2019-12-09 13:40:32,kaggle
32,85,2019-12-09 13:40:32,kaggle
33,86,2019-12-09 13:40:32,kaggle
34,87,2019-12-09 13:40:32,kaggle
35,88,2019-12-09 13:40:32,kaggle
36,89,2019-12-09 13:40:32,kaggle
36,90,2019-12-09 13:40:32,kaggle
36,91,2019-12-09 13:40:32,kaggle
36,92,2019-12-09 13:40:32,kaggle
37,93,2019-12-09 13:40:32,kaggle
37,94,2019-12-09 13:40:32,kaggle
37,95,2019-12-09 13:40:32,kaggle
38,96,2019-12-09 13:40:32,kaggle
38,97,2019-12-09 13:40:32,kaggle
39,98,2019-12-09 13:40:32,kaggle
39,99,2019-12-09 13:40:32,kaggle
39,100,2019-12-09 13:40:32,kaggle
40,101,2019-12-09 13:40:32,kaggle
41,102,2019-12-09 13:40:32,kaggle
42,103,2019-12-09 13:40:32,kaggle
43,104,2019-12-09 13:40:32,kaggle
43,105,2019-12-09 13:40:32,kaggle
43,106,2019-12-09 13:40:32,kaggle
43,107,2019-12-09 13:40:32,kaggle
44,108,2019-12-09 13:40:32,kaggle
44,109,2019-12-09 13:40:32,kaggle
44,110,2019-12-09 13:40:32,kaggle
44,111,2019-12-09 13:40:32,kaggle
45,112,2019-12-09 13:40:32,kaggle
45,113,2019-12-09 13:40:32,kaggle
45,114,2019-12-09 13:40:32,kaggle
46,115,2019-12-09 13:40:32,kaggle
46,116,2019-12-09 13:40:32,kaggle
46,117,2019-12-09 13:40:32,kaggle
46,118,2019-12-09 13:40:32,kaggle
47,119,2019-12-09 13:40:32,kaggle
47,120,2019-12-09 13:40:32,kaggle
47,121,2019-12-09 13:40:32,kaggle
47,122,2019-12-09 13:40:32,kaggle
48,123,2019-12-09 13:40:32,kaggle
48,124,2019-12-09 13:40:32,kaggle
49,125,2019-12-09 13:40:32,kaggle
49,126,2019-12-09 13:40:32,kaggle
49,127,2019-12-09 13:40:32,kaggle
49,128,2019-12-09 13:40:32,kaggle
50,129,2019-12-09 13:40:32,kaggle
50,130,2019-12-09 13:40:32,kaggle
50,131,2019-12-09 13:40:32,kaggle
51,132,2019-12-09 13:40:32,kaggle
52,133,2019-12-09 13:40:32,kaggle
52,134,2019-12-09 13:40:32,kaggle
53,135,2019-12-09 13:40:32,kaggle
53,136,2019-12-09 13:40:32,kaggle
54,137,2019-12-09 13:40:32,kaggle
54,138,2019-12-09 13:40:32,kaggle
54,139,2019-12-09 13:40:32,kaggle
54,140,2019-12-09 13:40:32,kaggle
55,141,2019-12-09 13:40:32,kaggle
56,142,2019-12-09 13:40:32,kaggle
56,143,2019-12-09 13:40:32,kaggle
56,144,2019-12-09 13:40:32,kaggle
57,145,2019-12-09 13:40:32,kaggle
57,146,2019-12-09 13:40:32,kaggle
57,147,2019-12-09 13:40:32,kaggle
57,148,2019-12-09 13:40:32,kaggle
58,149,2019-12-09 13:40:32,kaggle
58,150,2019-12-09 13:40:32,kaggle
58,151,2019-12-09 13:40:32,kaggle
58,152,2019-12-09 13:40:32,kaggle
59,153,2019-12-09 13:40:32,kaggle
59,154,2019-12-09 13:40:32,kaggle
59,155,2019-12-09 13:40:32,kaggle
59,156,2019-12-09 13:40:32,kaggle
60,157,2019-12-09 13:40:32,kaggle
60,158,2019-12-09 13:40:32,kaggle
61,159,2019-12-09 13:40:32,kaggle
61,160,2019-12-09 13:40:32,kaggle
62,161,2019-12-09 13:40:32,kaggle
62,162,2019-12-09 13:40:32,kaggle
62,163,2019-12-09 13:40:32,kaggle
63,164,2019-12-09 13:40:32,kaggle
63,165,2019-12-09 13:40:32,kaggle
64,166,2019-12-09 13:40:32,kaggle
64,167,2019-12-09 13:40:32,kaggle
64,168,2019-12-09 13:40:32,kaggle
65,169,2019-12-09 13:40:32,kaggle
65,170,2019-12-09 13:40:32,kaggle
66,171,2019-12-09 13:40:32,kaggle
66,172,2019-12-09 13:40:32,kaggle
66,173,2019-12-09 13:40:32,kaggle
67,174,2019-12-09 13:40:32,kaggle
67,175,2019-12-09 13:40:32,kaggle
68,176,2019-12-09 13:40:32,kaggle
69,177,2019-12-09 13:40:32,kaggle
69,178,2019-12-09 13:40:32,kaggle
69,179,2019-12-09 13:40:32,kaggle
69,180,2019-12-09 13:40:32,kaggle
70,181,2019-12-09 13:40:32,kaggle
70,182,2019-12-09 13:40:32,kaggle
71,183,2019-12-09 13:40:32,kaggle
72,184,2019-12-09 13:40:32,kaggle
72,185,2019-12-09 13:40:32,kaggle
73,186,2019-12-09 13:40:32,kaggle
74,187,2019-12-09 13:40:32,kaggle
74,188,2019-12-09 13:40:32,kaggle
75,189,2019-12-09 13:40:32,kaggle
75,190,2019-12-09 13:40:32,kaggle
76,191,2019-12-09 13:40:32,kaggle
77,192,2019-12-09 13:40:32,kaggle
77,193,2019-12-09 13:40:32,kaggle
77,194,2019-12-09 13:40:32,kaggle
77,195,2019-12-09 13:40:32,kaggle
78,196,2019-12-09 13:40:32,kaggle
78,197,2019-12-09 13:40:32,kaggle
79,198,2019-12-09 13:40:32,kaggle
79,199,2019-12-09 13:40:32,kaggle
79,200,2019-12-09 13:40:32,kaggle
80,201,2019-12-09 13:40:32,kaggle
81,202,2019-12-09 13:40:32,kaggle
82,203,2019-12-09 13:40:32,kaggle
83,204,2019-12-09 13:40:32,kaggle
84,205,2019-12-09 13:40:32,kaggle
84,206,2019-12-09 13:40:32,kaggle
85,207,2019-12-09 13:40:32,kaggle
85,208,2019-12-09 13:40:32,kaggle
85,209,2019-12-09 13:40:32,kaggle
86,210,2019-12-09 13:40:32,kaggle
87,211,2019-12-09 13:40:32,kaggle
87,212,2019-12-09 13:40:32,kaggle
87,213,2019-12-09 13:40:32,kaggle
88,214,2019-12-09 13:40:32,kaggle
89,215,2019-12-09 13:40:32,kaggle
90,216,2019-12-09 13:40:32,kaggle
90,217,2019-12-09 13:40:32,kaggle
90,218,2019-12-09 13:40:32,kaggle
90,219,2019-12-09 13:40:32,kaggle
91,220,2019-12-09 13:40:32,kaggle
91,221,2019-12-09 13:40:32,kaggle
91,222,2019-12-09 13:40:32,kaggle
92,223,2019-12-09 13:40:32,kaggle
92,224,2019-12-09 13:40:32,kaggle
92,225,2019-12-09 13:40:32,kaggle
93,226,2019-12-09 13:40:32,kaggle
94,227,2019-12-09 13:40:32,kaggle
94,228,2019-12-09 13:40:32,kaggle
94,229,2019-12-09 13:40:32,kaggle
95,230,2019-12-09 13:40:32,kaggle
95,231,2019-12-09 13:40:32,kaggle
96,232,2019-12-09 13:40:32,kaggle
96,233,2019-12-09 13:40:32,kaggle
96,234,2019-12-09 13:40:32,kaggle
97,235,2019-12-09 13:40:32,kaggle
97,236,2019-12-09 13:40:32,kaggle
97,237,2019-12-09 13:40:32,kaggle
98,238,2019-12-09 13:40:32,kaggle
99,239,2019-12-09 13:40:32,kaggle
100,240,2019-12-09 13:40:32,kaggle
100,241,2019-12-09 13:40:32,kaggle
100,242,2019-12-09 13:40:32,kaggle
101,243,2019-12-09 13:40:32,kaggle
101,244,2019-12-09 13:40:32,kaggle
102,245,2019-12-09 13:40:32,kaggle
102,246,2019-12-09 13:40:32,kaggle
102,247,2019-12-09 13:40:32,kaggle
102,248,2019-12-09 13:40:32,kaggle
103,249,2019-12-09 13:40:32,kaggle
103,250,2019-12-09 13:40:32,kaggle
104,251,2019-12-09 13:40:32,kaggle
104,252,2019-12-09 13:40:32,kaggle
104,253,2019-12-09 13:40:32,kaggle
105,254,2019-12-09 13:40:32,kaggle
105,255,2019-12-09 13:40:32,kaggle
105,256,2019-12-09 13:40:32,kaggle
105,257,2019-12-09 13:40:32,kaggle
106,258,2019-12-09 13:40:32,kaggle
106,259,2019-12-09 13:40:32,kaggle
106,260,2019-12-09 13:40:32,kaggle
106,261,2019-12-09 13:40:32,kaggle
107,262,2019-12-09 13:40:32,kaggle
108,263,2019-12-09 13:40:32,kaggle
108,264,2019-12-09 13:40:32,kaggle
108,265,2019-12-09 13:40:32,kaggle
108,266,2019-12-09 13:40:32,kaggle
109,267,2019-12-09 13:40:32,kaggle
110,268,2019-12-09 13:40:32,kaggle
110,269,2019-12-09 13:40:32,kaggle
110,270,2019-12-09 13:40:32,kaggle
110,271,2019-12-09 13:40:32,kaggle
111,272,2019-12-09 13:40:32,kaggle
111,273,2019-12-09 13:40:32,kaggle
112,274,2019-12-09 13:40:32,kaggle
113,275,2019-12-09 13:40:32,kaggle
114,276,2019-12-09 13:40:32,kaggle
114,277,2019-12-09 13:40:32,kaggle
114,278,2019-12-09 13:40:32,kaggle
115,279,2019-12-09 13:40:32,kaggle
115,280,2019-12-09 13:40:32,kaggle
116,281,2019-12-09 13:40:32,kaggle
116,282,2019-12-09 13:40:32,kaggle
116,283,2019-12-09 13:40:32,kaggle
117,284,2019-12-09 13:40:32,kaggle
117,285,2019-12-09 13:40:32,kaggle
117,286,2019-12-09 13:40:32,kaggle
117,287,2019-12-09 13:40:32,kaggle
118,288,2019-12-09 13:40:32,kaggle
118,289,2019-12-09 13:40:32,kaggle
118,290,2019-12-09 13:40:32,kaggle
119,291,2019-12-09 13:40:32,kaggle
119,292,2019-12-09 13:40:32,kaggle
120,293,2019-12-09 13:40:32,kaggle
120,294,2019-12-09 13:40:32,kaggle
120,295,2019-12-09 13:40:32,kaggle
120,296,2019-12-09 13:40:32,kaggle
121,297,2019-12-09 13:40:32,kaggle
121,298,2019-12-09 13:40:32,kaggle
121,299,2019-12-09 13:40:32,kaggle
121,300,2019-12-09 13:40:32,kaggle
122,301,2019-12-09 13:40:32,kaggle
122,302,2019-12-09 13:40:32,kaggle
122,303,2019-12-09 13:40:32,kaggle
123,304,2019-12-09 13:40:32,kaggle
123,305,2019-12-09 13:40:32,kaggle
123,306,2019-12-09 13:40:32,kaggle
124,307,2019-12-09 13:40:32,kaggle
124,308,2019-12-09 13:40:32,kaggle
124,309,2019-12-09 13:40:32,kaggle
124,310,2019-12-09 13:40:32,kaggle
125,311,2019-12-09 13:40:32,kaggle
125,312,2019-12-09 13:40:32,kaggle
125,313,2019-12-09 13:40:32,kaggle
125,314,2019-12-09 13:40:32,kaggle
126,315,2019-12-09 13:40:32,kaggle
127,316,2019-12-09 13:40:32,kaggle
127,317,2019-12-09 13:40:32,kaggle
128,318,2019-12-09 13:40:32,kaggle
128,319,2019-12-09 13:40:32,kaggle
128,320,2019-12-09 13:40:32,kaggle
129,321,2019-12-09 13:40:32,kaggle
129,322,2019-12-09 13:40:32,kaggle
130,323,2019-12-09 13:40:32,kaggle
131,324,2019-12-09 13:40:32,kaggle
131,325,2019-12-09 13:40:32,kaggle
131,326,2019-12-09 13:40:32,kaggle
131,327,2019-12-09 13:40:32,kaggle
132,328,2019-12-09 13:40:32,kaggle
132,329,2019-12-09 13:40:32,kaggle
132,330,2019-12-09 13:40:32,kaggle
132,331,2019-12-09 13:40:32,kaggle
133,332,2019-12-09 13:40:32,kaggle
133,333,2019-12-09 13:40:32,kaggle
133,334,2019-12-09 13:40:32,kaggle
133,335,2019-12-09 13:40:32,kaggle
134,336,2019-12-09 13:40:32,kaggle
134,337,2019-12-09 13:40:32,kaggle
135,338,2019-12-09 13:40:32,kaggle
136,339,2019-12-09 13:40:32,kaggle
136,340,2019-12-09 13:40:32,kaggle
137,341,2019-12-09 13:40:32,kaggle
137,342,2019-12-09 13:40:32,kaggle
137,343,2019-12-09 13:40:32,kaggle
138,344,2019-12-09 13:40:32,kaggle
139,345,2019-12-09 13:40:32,kaggle
139,346,2019-12-09 13:40:32,kaggle
139,347,2019-12-09 13:40:32,kaggle
140,348,2019-12-09 13:40:32,kaggle
140,349,2019-12-09 13:40:32,kaggle
140,350,2019-12-09 13:40:32,kaggle
140,351,2019-12-09 13:40:32,kaggle
141,352,2019-12-09 13:40:32,kaggle
141,353,2019-12-09 13:40:32,kaggle
142,354,2019-12-09 13:40:32,kaggle
142,355,2019-12-09 13:40:32,kaggle
142,356,2019-12-09 13:40:32,kaggle
143,357,2019-12-09 13:40:32,kaggle
143,358,2019-12-09 13:40:32,kaggle
143,359,2019-12-09 13:40:32,kaggle
144,360,2019-12-09 13:40:32,kaggle
144,361,2019-12-09 13:40:32,kaggle
144,362,2019-12-09 13:40:32,kaggle
145,363,2019-12-09 13:40:32,kaggle
145,364,2019-12-09 13:40:32,kaggle
145,365,2019-12-09 13:40:32,kaggle
146,366,2019-12-09 13:40:32,kaggle
146,367,2019-12-09 13:40:32,kaggle
146,368,2019-12-09 13:40:32,kaggle
146,369,2019-12-09 13:40:32,kaggle
147,370,2019-12-09 13:40:32,kaggle
147,371,2019-12-09 13:40:32,kaggle
147,372,2019-12-09 13:40:32,kaggle
148,373,2019-12-09 13:40:32,kaggle
148,374,2019-12-09 13:40:32,kaggle
148,375,2019-12-09 13:40:32,kaggle
148,376,2019-12-09 13:40:32,kaggle
149,377,2019-12-09 13:40:32,kaggle
150,378,2019-12-09 13:40:32,kaggle
150,379,2019-12-09 13:40:32,kaggle
150,380,2019-12-09 13:40:32,kaggle
150,381,2019-12-09 13:40:32,kaggle
151,382,2019-12-09 13:40:32,kaggle
151,383,2019-12-09 13:40:32,kaggle
151,384,2019-12-09 13:40:32,kaggle
152,385,2019-12-09 13:40:32,kaggle
152,386,2019-12-09 13:40:32,kaggle
152,387,2019-12-09 13:40:32,kaggle
153,388,2019-12-09 13:40:32,kaggle
153,389,2019-12-09 13:40:32,kaggle
153,390,2019-12-09 13:40:32,kaggle
154,391,2019-12-09 13:40:32,kaggle
154,392,2019-12-09 13:40:32,kaggle
154,393,2019-12-09 13:40:32,kaggle
154,394,2019-12-09 13:40:32,kaggle
155,395,2019-12-09 13:40:32,kaggle
155,396,2019-12-09 13:40:32,kaggle
155,397,2019-12-09 13:40:32,kaggle
155,398,2019-12-09 13:40:32,kaggle
156,399,2019-12-09 13:40:32,kaggle
156,400,2019-12-09 13:40:32,kaggle
156,401,2019-12-09 13:40:32,kaggle
157,402,2019-12-09 13:40:32,kaggle
158,403,2019-12-09 13:40:32,kaggle
158,404,2019-12-09 13:40:32,kaggle
158,405,2019-12-09 13:40:32,kaggle
159,406,2019-12-09 13:40:32,kaggle
160,407,2019-12-09 13:40:32,kaggle
160,408,2019-12-09 13:40:32,kaggle
160,409,2019-12-09 13:40:32,kaggle
160,410,2019-12-09 13:40:32,kaggle
161,411,2019-12-09 13:40:32,kaggle
161,412,2019-12-09 13:40:32,kaggle
161,413,2019-12-09 13:40:32,kaggle
161,414,2019-12-09 13:40:32,kaggle
162,415,2019-12-09 13:40:32,kaggle
162,416,2019-12-09 13:40:32,kaggle
162,417,2019-12-09 13:40:32,kaggle
163,418,2019-12-09 13:40:32,kaggle
163,419,2019-12-09 13:40:32,kaggle
164,420,2019-12-09 13:40:32,kaggle
165,421,2019-12-09 13:40:32,kaggle
166,422,2019-12-09 13:40:32,kaggle
167,423,2019-12-09 13:40:32,kaggle
168,424,2019-12-09 13:40:32,kaggle
169,425,2019-12-09 13:40:32,kaggle
169,426,2019-12-09 13:40:32,kaggle
169,427,2019-12-09 13:40:32,kaggle
170,428,2019-12-09 13:40:32,kaggle
170,429,2019-12-09 13:40:32,kaggle
171,430,2019-12-09 13:40:32,kaggle
171,431,2019-12-09 13:40:32,kaggle
172,432,2019-12-09 13:40:32,kaggle
172,433,2019-12-09 13:40:32,kaggle
172,434,2019-12-09 13:40:32,kaggle
173,435,2019-12-09 13:40:32,kaggle
173,436,2019-12-09 13:40:32,kaggle
174,437,2019-12-09 13:40:32,kaggle
174,438,2019-12-09 13:40:32,kaggle
174,439,2019-12-09 13:40:32,kaggle
175,440,2019-12-09 13:40:32,kaggle
176,441,2019-12-09 13:40:32,kaggle
176,442,2019-12-09 13:40:32,kaggle
176,443,2019-12-09 13:40:32,kaggle
176,444,2019-12-09 13:40:32,kaggle
177,445,2019-12-09 13:40:32,kaggle
177,446,2019-12-09 13:40:32,kaggle
177,447,2019-12-09 13:40:32,kaggle
178,448,2019-12-09 13:40:32,kaggle
178,449,2019-12-09 13:40:32,kaggle
179,450,2019-12-09 13:40:32,kaggle
179,451,2019-12-09 13:40:32,kaggle
180,452,2019-12-09 13:40:32,kaggle
180,453,2019-12-09 13:40:32,kaggle
180,454,2019-12-09 13:40:32,kaggle
181,455,2019-12-09 13:40:32,kaggle
181,456,2019-12-09 13:40:32,kaggle
181,457,2019-12-09 13:40:32,kaggle
182,458,2019-12-09 13:40:32,kaggle
182,459,2019-12-09 13:40:32,kaggle
182,460,2019-12-09 13:40:32,kaggle
182,461,2019-12-09 13:40:32,kaggle
183,462,2019-12-09 13:40:32,kaggle
183,463,2019-12-09 13:40:32,kaggle
183,464,2019-12-09 13:40:32,kaggle
183,465,2019-12-09 13:40:32,kaggle
184,466,2019-12-09 13:40:32,kaggle
185,467,2019-12-09 13:40:32,kaggle
185,468,2019-12-09 13:40:32,kaggle
186,469,2019-12-09 13:40:32,kaggle
186,470,2019-12-09 13:40:32,kaggle
186,471,2019-12-09 13:40:32,kaggle
186,472,2019-12-09 13:40:32,kaggle
187,473,2019-12-09 13:40:32,kaggle
187,474,2019-12-09 13:40:32,kaggle
187,475,2019-12-09 13:40:32,kaggle
187,476,2019-12-09 13:40:32,kaggle
188,477,2019-12-09 13:40:32,kaggle
189,478,2019-12-09 13:40:32,kaggle
189,479,2019-12-09 13:40:32,kaggle
189,480,2019-12-09 13:40:32,kaggle
190,481,2019-12-09 13:40:32,kaggle
191,482,2019-12-09 13:40:32,kaggle
191,483,2019-12-09 13:40:32,kaggle
191,484,2019-12-09 13:40:32,kaggle
192,485,2019-12-09 13:40:32,kaggle
192,486,2019-12-09 13:40:32,kaggle
192,487,2019-12-09 13:40:32,kaggle
192,488,2019-12-09 13:40:32,kaggle
193,489,2019-12-09 13:40:32,kaggle
193,490,2019-12-09 13:40:32,kaggle
193,491,2019-12-09 13:40:32,kaggle
194,492,2019-12-09 13:40:32,kaggle
194,493,2019-12-09 13:40:32,kaggle
194,494,2019-12-09 13:40:32,kaggle
195,495,2019-12-09 13:40:32,kaggle
195,496,2019-12-09 13:40:32,kaggle
195,497,2019-12-09 13:40:32,kaggle
196,498,2019-12-09 13:40:32,kaggle
196,499,2019-12-09 13:40:32,kaggle
197,500,2019-12-09 13:40:32,kaggle
197,501,2019-12-09 13:40:32,kaggle
198,502,2019-12-09 13:40:32,kaggle
198,503,2019-12-09 13:40:32,kaggle
198,504,2019-12-09 13:40:32,kaggle
198,505,2019-12-09 13:40:32,kaggle
199,506,2019-12-09 13:40:32,kaggle
199,507,2019-12-09 13:40:32,kaggle
200,508,2019-12-09 13:40:32,kaggle
201,509,2019-12-09 13:40:32,kaggle
201,510,2019-12-09 13:40:32,kaggle
202,511,2019-12-09 13:40:32,kaggle
202,512,2019-12-09 13:40:32,kaggle
202,513,2019-12-09 13:40:32,kaggle
202,514,2019-12-09 13:40:32,kaggle
203,515,2019-12-09 13:40:32,kaggle
203,516,2019-12-09 13:40:32,kaggle
203,517,2019-12-09 13:40:32,kaggle
203,518,2019-12-09 13:40:32,kaggle
204,519,2019-12-09 13:40:32,kaggle
204,520,2019-12-09 13:40:32,kaggle
204,521,2019-12-09 13:40:32,kaggle
205,522,2019-12-09 13:40:32,kaggle
205,523,2019-12-09 13:40:32,kaggle
205,524,2019-12-09 13:40:32,kaggle
205,525,2019-12-09 13:40:32,kaggle
206,526,2019-12-09 13:40:32,kaggle
207,527,2019-12-09 13:40:32,kaggle
207,528,2019-12-09 13:40:32,kaggle
207,529,2019-12-09 13:40:32,kaggle
208,530,2019-12-09 13:40:32,kaggle
209,531,2019-12-09 13:40:32,kaggle
209,532,2019-12-09 13:40:32,kaggle
210,533,2019-12-09 13:40:32,kaggle
210,534,2019-12-09 13:40:32,kaggle
211,535,2019-12-09 13:40:32,kaggle
212,536,2019-12-09 13:40:32,kaggle
212,537,2019-12-09 13:40:32,kaggle
213,538,2019-12-09 13:40:32,kaggle
213,539,2019-12-09 13:40:32,kaggle
213,540,2019-12-09 13:40:32,kaggle
213,541,2019-12-09 13:40:32,kaggle
214,542,2019-12-09 13:40:32,kaggle
215,543,2019-12-09 13:40:32,kaggle
215,544,2019-12-09 13:40:32,kaggle
216,545,2019-12-09 13:40:32,kaggle
216,546,2019-12-09 13:40:32,kaggle
217,547,2019-12-09 13:40:32,kaggle
218,548,2019-12-09 13:40:32,kaggle
218,549,2019-12-09 13:40:32,kaggle
219,550,2019-12-09 13:40:32,kaggle
220,551,2019-12-09 13:40:32,kaggle
220,552,2019-12-09 13:40:32,kaggle
221,553,2019-12-09 13:40:32,kaggle
222,554,2019-12-09 13:40:32,kaggle
223,555,2019-12-09 13:40:32,kaggle
223,556,2019-12-09 13:40:32,kaggle
223,557,2019-12-09 13:40:32,kaggle
223,558,2019-12-09 13:40:32,kaggle
224,559,2019-12-09 13:40:32,kaggle
224,560,2019-12-09 13:40:32,kaggle
225,561,2019-12-09 13:40:32,kaggle
226,562,2019-12-09 13:40:32,kaggle
226,563,2019-12-09 13:40:32,kaggle
226,564,2019-12-09 13:40:32,kaggle
227,565,2019-12-09 13:40:32,kaggle
227,566,2019-12-09 13:40:32,kaggle
228,567,2019-12-09 13:40:32,kaggle
228,568,2019-12-09 13:40:32,kaggle
229,569,2019-12-09 13:40:32,kaggle
229,570,2019-12-09 13:40:32,kaggle
230,571,2019-12-09 13:40:32,kaggle
230,572,2019-12-09 13:40:32,kaggle
231,573,2019-12-09 13:40:32,kaggle
231,574,2019-12-09 13:40:32,kaggle
231,575,2019-12-09 13:40:32,kaggle
231,576,2019-12-09 13:40:32,kaggle
232,577,2019-12-09 13:40:32,kaggle
232,578,2019-12-09 13:40:32,kaggle
233,579,2019-12-09 13:40:32,kaggle
234,580,2019-12-09 13:40:32,kaggle
235,581,2019-12-09 13:40:32,kaggle
236,582,2019-12-09 13:40:32,kaggle
236,583,2019-12-09 13:40:32,kaggle
236,584,2019-12-09 13:40:32,kaggle
236,585,2019-12-09 13:40:32,kaggle
237,586,2019-12-09 13:40:32,kaggle
237,587,2019-12-09 13:40:32,kaggle
238,588,2019-12-09 13:40:32,kaggle
238,589,2019-12-09 13:40:32,kaggle
238,590,2019-12-09 13:40:32,kaggle
239,591,2019-12-09 13:40:32,kaggle
239,592,2019-12-09 13:40:32,kaggle
240,593,2019-12-09 13:40:32,kaggle
240,594,2019-12-09 13:40:32,kaggle
241,595,2019-12-09 13:40:32,kaggle
241,596,2019-12-09 13:40:32,kaggle
241,597,2019-12-09 13:40:32,kaggle
241,598,2019-12-09 13:40:32,kaggle
242,599,2019-12-09 13:40:32,kaggle
242,600,2019-12-09 13:40:32,kaggle
242,601,2019-12-09 13:40:32,kaggle
243,602,2019-12-09 13:40:32,kaggle
243,603,2019-12-09 13:40:32,kaggle
244,604,2019-12-09 13:40:32,kaggle
244,605,2019-12-09 13:40:32,kaggle
245,606,2019-12-09 13:40:32,kaggle
246,607,2019-12-09 13:40:32,kaggle
247,608,2019-12-09 13:40:32,kaggle
247,609,2019-12-09 13:40:32,kaggle
247,610,2019-12-09 13:40:32,kaggle
248,611,2019-12-09 13:40:32,kaggle
248,612,2019-12-09 13:40:32,kaggle
248,613,2019-12-09 13:40:32,kaggle
249,614,2019-12-09 13:40:32,kaggle
249,615,2019-12-09 13:40:32,kaggle
250,616,2019-12-09 13:40:32,kaggle
250,617,2019-12-09 13:40:32,kaggle
251,618,2019-12-09 13:40:32,kaggle
251,619,2019-12-09 13:40:32,kaggle
252,620,2019-12-09 13:40:32,kaggle
253,621,2019-12-09 13:40:32,kaggle
253,622,2019-12-09 13:40:32,kaggle
253,623,2019-12-09 13:40:32,kaggle
253,624,2019-12-09 13:40:32,kaggle
254,625,2019-12-09 13:40:32,kaggle
254,626,2019-12-09 13:40:32,kaggle
255,627,2019-12-09 13:40:32,kaggle
255,628,2019-12-09 13:40:32,kaggle
255,629,2019-12-09 13:40:32,kaggle
255,630,2019-12-09 13:40:32,kaggle
256,631,2019-12-09 13:40:32,kaggle
257,632,2019-12-09 13:40:32,kaggle
257,633,2019-12-09 13:40:32,kaggle
258,634,2019-12-09 13:40:32,kaggle
258,635,2019-12-09 13:40:32,kaggle
258,636,2019-12-09 13:40:32,kaggle
259,637,2019-12-09 13:40:32,kaggle
259,638,2019-12-09 13:40:32,kaggle
259,639,2019-12-09 13:40:32,kaggle
259,640,2019-12-09 13:40:32,kaggle
260,641,2019-12-09 13:40:32,kaggle
261,642,2019-12-09 13:40:32,kaggle
261,643,2019-12-09 13:40:32,kaggle
262,644,2019-12-09 13:40:32,kaggle
262,645,2019-12-09 13:40:32,kaggle
263,646,2019-12-09 13:40:32,kaggle
264,647,2019-12-09 13:40:32,kaggle
264,648,2019-12-09 13:40:32,kaggle
265,649,2019-12-09 13:40:32,kaggle
265,650,2019-12-09 13:40:32,kaggle
266,651,2019-12-09 13:40:32,kaggle
267,652,2019-12-09 13:40:32,kaggle
267,653,2019-12-09 13:40:32,kaggle
268,654,2019-12-09 13:40:32,kaggle
268,655,2019-12-09 13:40:32,kaggle
268,656,2019-12-09 13:40:32,kaggle
268,657,2019-12-09 13:40:32,kaggle
269,658,2019-12-09 13:40:32,kaggle
269,659,2019-12-09 13:40:32,kaggle
269,660,2019-12-09 13:40:32,kaggle
270,661,2019-12-09 13:40:32,kaggle
270,662,2019-12-09 13:40:32,kaggle
270,663,2019-12-09 13:40:32,kaggle
270,664,2019-12-09 13:40:32,kaggle
271,665,2019-12-09 13:40:32,kaggle
271,666,2019-12-09 13:40:32,kaggle
271,667,2019-12-09 13:40:32,kaggle
271,668,2019-12-09 13:40:32,kaggle
272,669,2019-12-09 13:40:32,kaggle
273,670,2019-12-09 13:40:32,kaggle
274,671,2019-12-09 13:40:32,kaggle
274,672,2019-12-09 13:40:32,kaggle
275,673,2019-12-09 13:40:32,kaggle
276,674,2019-12-09 13:40:32,kaggle
276,675,2019-12-09 13:40:32,kaggle
276,676,2019-12-09 13:40:32,kaggle
277,677,2019-12-09 13:40:32,kaggle
277,678,2019-12-09 13:40:32,kaggle
277,679,2019-12-09 13:40:32,kaggle
278,680,2019-12-09 13:40:32,kaggle
278,681,2019-12-09 13:40:32,kaggle
279,682,2019-12-09 13:40:32,kaggle
279,683,2019-12-09 13:40:32,kaggle
279,684,2019-12-09 13:40:32,kaggle
280,685,2019-12-09 13:40:32,kaggle
281,686,2019-12-09 13:40:32,kaggle
281,687,2019-12-09 13:40:32,kaggle
281,688,2019-12-09 13:40:32,kaggle
281,689,2019-12-09 13:40:32,kaggle
282,690,2019-12-09 13:40:32,kaggle
282,691,2019-12-09 13:40:32,kaggle
282,692,2019-12-09 13:40:32,kaggle
283,693,2019-12-09 13:40:32,kaggle
284,694,2019-12-09 13:40:32,kaggle
284,695,2019-12-09 13:40:32,kaggle
285,696,2019-12-09 13:40:32,kaggle
285,697,2019-12-09 13:40:32,kaggle
286,698,2019-12-09 13:40:32,kaggle
286,699,2019-12-09 13:40:32,kaggle
286,700,2019-12-09 13:40:32,kaggle
287,701,2019-12-09 13:40:32,kaggle
287,702,2019-12-09 13:40:32,kaggle
287,703,2019-12-09 13:40:32,kaggle
287,704,2019-12-09 13:40:32,kaggle
288,705,2019-12-09 13:40:32,kaggle
288,706,2019-12-09 13:40:32,kaggle
289,707,2019-12-09 13:40:32,kaggle
289,708,2019-12-09 13:40:32,kaggle
289,709,2019-12-09 13:40:32,kaggle
289,710,2019-12-09 13:40:32,kaggle
290,711,2019-12-09 13:40:32,kaggle
290,712,2019-12-09 13:40:32,kaggle
290,713,2019-12-09 13:40:32,kaggle
290,714,2019-12-09 13:40:32,kaggle
291,715,2019-12-09 13:40:32,kaggle
291,716,2019-12-09 13:40:32,kaggle
291,717,2019-12-09 13:40:32,kaggle
291,718,2019-12-09 13:40:32,kaggle
292,719,2019-12-09 13:40:32,kaggle
292,720,2019-12-09 13:40:32,kaggle
293,721,2019-12-09 13:40:32,kaggle
293,722,2019-12-09 13:40:32,kaggle
294,723,2019-12-09 13:40:32,kaggle
294,724,2019-12-09 13:40:32,kaggle
294,725,2019-12-09 13:40:32,kaggle
295,726,2019-12-09 13:40:32,kaggle
295,727,2019-12-09 13:40:32,kaggle
295,728,2019-12-09 13:40:32,kaggle
295,729,2019-12-09 13:40:32,kaggle
296,730,2019-12-09 13:40:32,kaggle
296,731,2019-12-09 13:40:32,kaggle
296,732,2019-12-09 13:40:32,kaggle
296,733,2019-12-09 13:40:32,kaggle
297,734,2019-12-09 13:40:32,kaggle
298,735,2019-12-09 13:40:32,kaggle
298,736,2019-12-09 13:40:32,kaggle
299,737,2019-12-09 13:40:32,kaggle
299,738,2019-12-09 13:40:32,kaggle
299,739,2019-12-09 13:40:32,kaggle
300,740,2019-12-09 13:40:32,kaggle
301,741,2019-12-09 13:40:32,kaggle
302,742,2019-12-09 13:40:32,kaggle
302,743,2019-12-09 13:40:32,kaggle
302,744,2019-12-09 13:40:32,kaggle
303,745,2019-12-09 13:40:32,kaggle
303,746,2019-12-09 13:40:32,kaggle
304,747,2019-12-09 13:40:32,kaggle
304,748,2019-12-09 13:40:32,kaggle
304,749,2019-12-09 13:40:32,kaggle
304,750,2019-12-09 13:40:32,kaggle
305,751,2019-12-09 13:40:32,kaggle
305,752,2019-12-09 13:40:32,kaggle
305,753,2019-12-09 13:40:32,kaggle
305,754,2019-12-09 13:40:32,kaggle
306,755,2019-12-09 13:40:32,kaggle
306,756,2019-12-09 13:40:32,kaggle
306,757,2019-12-09 13:40:32,kaggle
307,758,2019-12-09 13:40:32,kaggle
307,759,2019-12-09 13:40:32,kaggle
307,760,2019-12-09 13:40:32,kaggle
308,761,2019-12-09 13:40:32,kaggle
308,762,2019-12-09 13:40:32,kaggle
309,763,2019-12-09 13:40:32,kaggle
309,764,2019-12-09 13:40:32,kaggle
309,765,2019-12-09 13:40:32,kaggle
310,766,2019-12-09 13:40:32,kaggle
310,767,2019-12-09 13:40:32,kaggle
310,768,2019-12-09 13:40:32,kaggle
311,769,2019-12-09 13:40:32,kaggle
312,770,2019-12-09 13:40:32,kaggle
312,771,2019-12-09 13:40:32,kaggle
312,772,2019-12-09 13:40:32,kaggle
313,773,2019-12-09 13:40:32,kaggle
314,774,2019-12-09 13:40:32,kaggle
315,775,2019-12-09 13:40:32,kaggle
315,776,2019-12-09 13:40:32,kaggle
316,777,2019-12-09 13:40:32,kaggle
316,778,2019-12-09 13:40:32,kaggle
316,779,2019-12-09 13:40:32,kaggle
316,780,2019-12-09 13:40:32,kaggle
317,781,2019-12-09 13:40:32,kaggle
317,782,2019-12-09 13:40:32,kaggle
317,783,2019-12-09 13:40:32,kaggle
318,784,2019-12-09 13:40:32,kaggle
318,785,2019-12-09 13:40:32,kaggle
318,786,2019-12-09 13:40:32,kaggle
318,787,2019-12-09 13:40:32,kaggle
319,788,2019-12-09 13:40:32,kaggle
319,789,2019-12-09 13:40:32,kaggle
319,790,2019-12-09 13:40:32,kaggle
320,791,2019-12-09 13:40:32,kaggle
320,792,2019-12-09 13:40:32,kaggle
320,793,2019-12-09 13:40:32,kaggle
320,794,2019-12-09 13:40:32,kaggle
321,795,2019-12-09 13:40:32,kaggle
321,796,2019-12-09 13:40:32,kaggle
321,797,2019-12-09 13:40:32,kaggle
322,798,2019-12-09 13:40:32,kaggle
322,799,2019-12-09 13:40:32,kaggle
322,800,2019-12-09 13:40:32,kaggle
323,801,2019-12-09 13:40:32,kaggle
324,802,2019-12-09 13:40:32,kaggle
324,803,2019-12-09 13:40:32,kaggle
325,804,2019-12-09 13:40:32,kaggle
325,805,2019-12-09 13:40:32,kaggle
325,806,2019-12-09 13:40:32,kaggle
325,807,2019-12-09 13:40:32,kaggle
326,808,2019-12-09 13:40:32,kaggle
326,809,2019-12-09 13:40:32,kaggle
326,810,2019-12-09 13:40:32,kaggle
326,811,2019-12-09 13:40:32,kaggle
327,812,2019-12-09 13:40:32,kaggle
327,813,2019-12-09 13:40:32,kaggle
327,814,2019-12-09 13:40:32,kaggle
327,815,2019-12-09 13:40:32,kaggle
328,816,2019-12-09 13:40:32,kaggle
329,817,2019-12-09 13:40:32,kaggle
329,818,2019-12-09 13:40:32,kaggle
330,819,2019-12-09 13:40:32,kaggle
331,820,2019-12-09 13:40:32,kaggle
332,821,2019-12-09 13:40:32,kaggle
332,822,2019-12-09 13:40:32,kaggle
333,823,2019-12-09 13:40:32,kaggle
333,824,2019-12-09 13:40:32,kaggle
334,825,2019-12-09 13:40:32,kaggle
334,826,2019-12-09 13:40:32,kaggle
334,827,2019-12-09 13:40:32,kaggle
334,828,2019-12-09 13:40:32,kaggle
335,829,2019-12-09 13:40:32,kaggle
335,830,2019-12-09 13:40:32,kaggle
335,831,2019-12-09 13:40:32,kaggle
336,832,2019-12-09 13:40:32,kaggle
337,833,2019-12-09 13:40:32,kaggle
337,834,2019-12-09 13:40:32,kaggle
338,835,2019-12-09 13:40:32,kaggle
338,836,2019-12-09 13:40:32,kaggle
338,837,2019-12-09 13:40:32,kaggle
339,838,2019-12-09 13:40:32,kaggle
339,839,2019-12-09 13:40:32,kaggle
339,840,2019-12-09 13:40:32,kaggle
340,841,2019-12-09 13:40:32,kaggle
341,842,2019-12-09 13:40:32,kaggle
342,843,2019-12-09 13:40:32,kaggle
343,844,2019-12-09 13:40:32,kaggle
343,845,2019-12-09 13:40:32,kaggle
343,846,2019-12-09 13:40:32,kaggle
344,847,2019-12-09 13:40:32,kaggle
344,848,2019-12-09 13:40:32,kaggle
344,849,2019-12-09 13:40:32,kaggle
345,850,2019-12-09 13:40:32,kaggle
346,851,2019-12-09 13:40:32,kaggle
347,852,2019-12-09 13:40:32,kaggle
347,853,2019-12-09 13:40:32,kaggle
347,854,2019-12-09 13:40:32,kaggle
347,855,2019-12-09 13:40:32,kaggle
348,856,2019-12-09 13:40:32,kaggle
348,857,2019-12-09 13:40:32,kaggle
348,858,2019-12-09 13:40:32,kaggle
348,859,2019-12-09 13:40:32,kaggle
349,860,2019-12-09 13:40:32,kaggle
349,861,2019-12-09 13:40:32,kaggle
349,862,2019-12-09 13:40:32,kaggle
350,863,2019-12-09 13:40:32,kaggle
350,864,2019-12-09 13:40:32,kaggle
350,865,2019-12-09 13:40:32,kaggle
351,866,2019-12-09 13:40:32,kaggle
351,867,2019-12-09 13:40:32,kaggle
352,868,2019-12-09 13:40:32,kaggle
352,869,2019-12-09 13:40:32,kaggle
352,870,2019-12-09 13:40:32,kaggle
352,871,2019-12-09 13:40:32,kaggle
353,872,2019-12-09 13:40:32,kaggle
353,873,2019-12-09 13:40:32,kaggle
354,874,2019-12-09 13:40:32,kaggle
354,875,2019-12-09 13:40:32,kaggle
355,876,2019-12-09 13:40:32,kaggle
355,877,2019-12-09 13:40:32,kaggle
355,878,2019-12-09 13:40:32,kaggle
356,879,2019-12-09 13:40:32,kaggle
356,880,2019-12-09 13:40:32,kaggle
356,881,2019-12-09 13:40:32,kaggle
356,882,2019-12-09 13:40:32,kaggle
357,883,2019-12-09 13:40:32,kaggle
357,884,2019-12-09 13:40:32,kaggle
357,885,2019-12-09 13:40:32,kaggle
358,886,2019-12-09 13:40:32,kaggle
358,887,2019-12-09 13:40:32,kaggle
358,888,2019-12-09 13:40:32,kaggle
358,889,2019-12-09 13:40:32,kaggle
359,890,2019-12-09 13:40:32,kaggle
359,891,2019-12-09 13:40:32,kaggle
360,892,2019-12-09 13:40:32,kaggle
360,893,2019-12-09 13:40:32,kaggle
360,894,2019-12-09 13:40:32,kaggle
361,895,2019-12-09 13:40:32,kaggle
361,896,2019-12-09 13:40:32,kaggle
361,897,2019-12-09 13:40:32,kaggle
361,898,2019-12-09 13:40:32,kaggle
362,899,2019-12-09 13:40:32,kaggle
363,900,2019-12-09 13:40:32,kaggle
363,901,2019-12-09 13:40:32,kaggle
364,902,2019-12-09 13:40:32,kaggle
364,903,2019-12-09 13:40:32,kaggle
365,904,2019-12-09 13:40:32,kaggle
365,905,2019-12-09 13:40:32,kaggle
366,906,2019-12-09 13:40:32,kaggle
367,907,2019-12-09 13:40:32,kaggle
367,908,2019-12-09 13:40:32,kaggle
368,909,2019-12-09 13:40:32,kaggle
368,910,2019-12-09 13:40:32,kaggle
368,911,2019-12-09 13:40:32,kaggle
368,912,2019-12-09 13:40:32,kaggle
369,913,2019-12-09 13:40:32,kaggle
370,914,2019-12-09 13:40:32,kaggle
370,915,2019-12-09 13:40:32,kaggle
370,916,2019-12-09 13:40:32,kaggle
370,917,2019-12-09 13:40:32,kaggle
371,918,2019-12-09 13:40:32,kaggle
372,919,2019-12-09 13:40:32,kaggle
372,920,2019-12-09 13:40:32,kaggle
373,921,2019-12-09 13:40:32,kaggle
374,922,2019-12-09 13:40:32,kaggle
374,923,2019-12-09 13:40:32,kaggle
375,924,2019-12-09 13:40:32,kaggle
375,925,2019-12-09 13:40:32,kaggle
375,926,2019-12-09 13:40:32,kaggle
376,927,2019-12-09 13:40:32,kaggle
376,928,2019-12-09 13:40:32,kaggle
376,929,2019-12-09 13:40:32,kaggle
377,930,2019-12-09 13:40:32,kaggle
377,931,2019-12-09 13:40:32,kaggle
377,932,2019-12-09 13:40:32,kaggle
377,933,2019-12-09 13:40:32,kaggle
378,934,2019-12-09 13:40:32,kaggle
378,935,2019-12-09 13:40:32,kaggle
378,936,2019-12-09 13:40:32,kaggle
379,937,2019-12-09 13:40:32,kaggle
379,938,2019-12-09 13:40:32,kaggle
379,939,2019-12-09 13:40:32,kaggle
380,940,2019-12-09 13:40:32,kaggle
380,941,2019-12-09 13:40:32,kaggle
380,942,2019-12-09 13:40:32,kaggle
381,943,2019-12-09 13:40:32,kaggle
382,944,2019-12-09 13:40:32,kaggle
382,945,2019-12-09 13:40:32,kaggle
382,946,2019-12-09 13:40:32,kaggle
383,947,2019-12-09 13:40:32,kaggle
383,948,2019-12-09 13:40:32,kaggle
384,949,2019-12-09 13:40:32,kaggle
385,950,2019-12-09 13:40:32,kaggle
385,951,2019-12-09 13:40:32,kaggle
386,952,2019-12-09 13:40:32,kaggle
386,953,2019-12-09 13:40:32,kaggle
386,954,2019-12-09 13:40:32,kaggle
387,955,2019-12-09 13:40:32,kaggle
388,956,2019-12-09 13:40:32,kaggle
389,957,2019-12-09 13:40:32,kaggle
390,958,2019-12-09 13:40:32,kaggle
390,959,2019-12-09 13:40:32,kaggle
390,960,2019-12-09 13:40:32,kaggle
391,961,2019-12-09 13:40:32,kaggle
391,962,2019-12-09 13:40:32,kaggle
391,963,2019-12-09 13:40:32,kaggle
392,964,2019-12-09 13:40:32,kaggle
393,965,2019-12-09 13:40:32,kaggle
393,966,2019-12-09 13:40:32,kaggle
393,967,2019-12-09 13:40:32,kaggle
393,968,2019-12-09 13:40:32,kaggle
394,969,2019-12-09 13:40:32,kaggle
394,970,2019-12-09 13:40:32,kaggle
394,971,2019-12-09 13:40:32,kaggle
394,972,2019-12-09 13:40:32,kaggle
395,973,2019-12-09 13:40:32,kaggle
396,974,2019-12-09 13:40:32,kaggle
396,975,2019-12-09 13:40:32,kaggle
396,976,2019-12-09 13:40:32,kaggle
396,977,2019-12-09 13:40:32,kaggle
397,978,2019-12-09 13:40:32,kaggle
397,979,2019-12-09 13:40:32,kaggle
397,980,2019-12-09 13:40:32,kaggle
397,981,2019-12-09 13:40:32,kaggle
398,982,2019-12-09 13:40:32,kaggle
399,983,2019-12-09 13:40:32,kaggle
400,984,2019-12-09 13:40:32,kaggle
401,985,2019-12-09 13:40:32,kaggle
401,986,2019-12-09 13:40:32,kaggle
401,987,2019-12-09 13:40:32,kaggle
401,988,2019-12-09 13:40:32,kaggle
402,989,2019-12-09 13:40:32,kaggle
402,990,2019-12-09 13:40:32,kaggle
403,991,2019-12-09 13:40:32,kaggle
403,992,2019-12-09 13:40:32,kaggle
404,993,2019-12-09 13:40:32,kaggle
404,994,2019-12-09 13:40:32,kaggle
404,995,2019-12-09 13:40:32,kaggle
405,996,2019-12-09 13:40:32,kaggle
405,997,2019-12-09 13:40:32,kaggle
405,998,2019-12-09 13:40:32,kaggle
405,999,2019-12-09 13:40:32,kaggle
406,1000,2019-12-09 13:40:32,kaggle
406,1001,2019-12-09 13:40:32,kaggle
407,1002,2019-12-09 13:40:32,kaggle
408,1003,2019-12-09 13:40:32,kaggle
409,1004,2019-12-09 13:40:32,kaggle
409,1005,2019-12-09 13:40:32,kaggle
409,1006,2019-12-09 13:40:32,kaggle
410,1007,2019-12-09 13:40:32,kaggle
410,1008,2019-12-09 13:40:32,kaggle
411,1009,2019-12-09 13:40:32,kaggle
411,1010,2019-12-09 13:40:32,kaggle
411,1011,2019-12-09 13:40:32,kaggle
412,1012,2019-12-09 13:40:32,kaggle
412,1013,2019-12-09 13:40:32,kaggle
412,1014,2019-12-09 13:40:32,kaggle
413,1015,2019-12-09 13:40:32,kaggle
413,1016,2019-12-09 13:40:32,kaggle
413,1017,2019-12-09 13:40:32,kaggle
414,1018,2019-12-09 13:40:32,kaggle
415,1019,2019-12-09 13:40:32,kaggle
416,1020,2019-12-09 13:40:32,kaggle
417,1021,2019-12-09 13:40:32,kaggle
417,1022,2019-12-09 13:40:32,kaggle
417,1023,2019-12-09 13:40:32,kaggle
417,1024,2019-12-09 13:40:32,kaggle
418,1025,2019-12-09 13:40:32,kaggle
418,1026,2019-12-09 13:40:32,kaggle
419,1027,2019-12-09 13:40:32,kaggle
419,1028,2019-12-09 13:40:32,kaggle
419,1029,2019-12-09 13:40:32,kaggle
419,1030,2019-12-09 13:40:32,kaggle
420,1031,2019-12-09 13:40:32,kaggle
420,1032,2019-12-09 13:40:32,kaggle
420,1033,2019-12-09 13:40:32,kaggle
420,1034,2019-12-09 13:40:32,kaggle
421,1035,2019-12-09 13:40:32,kaggle
421,1036,2019-12-09 13:40:32,kaggle
422,1037,2019-12-09 13:40:32,kaggle
422,1038,2019-12-09 13:40:32,kaggle
422,1039,2019-12-09 13:40:32,kaggle
422,1040,2019-12-09 13:40:32,kaggle
423,1041,2019-12-09 13:40:32,kaggle
423,1042,2019-12-09 13:40:32,kaggle
424,1043,2019-12-09 13:40:32,kaggle
425,1044,2019-12-09 13:40:32,kaggle
425,1045,2019-12-09 13:40:32,kaggle
425,1046,2019-12-09 13:40:32,kaggle
425,1047,2019-12-09 13:40:32,kaggle
426,1048,2019-12-09 13:40:32,kaggle
426,1049,2019-12-09 13:40:32,kaggle
426,1050,2019-12-09 13:40:32,kaggle
426,1051,2019-12-09 13:40:32,kaggle
427,1052,2019-12-09 13:40:32,kaggle
427,1053,2019-12-09 13:40:32,kaggle
427,1054,2019-12-09 13:40:32,kaggle
428,1055,2019-12-09 13:40:32,kaggle
429,1056,2019-12-09 13:40:32,kaggle
429,1057,2019-12-09 13:40:32,kaggle
429,1058,2019-12-09 13:40:32,kaggle
430,1059,2019-12-09 13:40:32,kaggle
430,1060,2019-12-09 13:40:32,kaggle
430,1061,2019-12-09 13:40:32,kaggle
430,1062,2019-12-09 13:40:32,kaggle
431,1063,2019-12-09 13:40:32,kaggle
432,1064,2019-12-09 13:40:32,kaggle
432,1065,2019-12-09 13:40:32,kaggle
433,1066,2019-12-09 13:40:32,kaggle
433,1067,2019-12-09 13:40:32,kaggle
433,1068,2019-12-09 13:40:32,kaggle
434,1069,2019-12-09 13:40:32,kaggle
434,1070,2019-12-09 13:40:32,kaggle
434,1071,2019-12-09 13:40:32,kaggle
435,1072,2019-12-09 13:40:32,kaggle
435,1073,2019-12-09 13:40:32,kaggle
436,1074,2019-12-09 13:40:32,kaggle
436,1075,2019-12-09 13:40:32,kaggle
437,1076,2019-12-09 13:40:32,kaggle
437,1077,2019-12-09 13:40:32,kaggle
438,1078,2019-12-09 13:40:32,kaggle
438,1079,2019-12-09 13:40:32,kaggle
438,1080,2019-12-09 13:40:32,kaggle
439,1081,2019-12-09 13:40:32,kaggle
439,1082,2019-12-09 13:40:32,kaggle
439,1083,2019-12-09 13:40:32,kaggle
439,1084,2019-12-09 13:40:32,kaggle
440,1085,2019-12-09 13:40:32,kaggle
440,1086,2019-12-09 13:40:32,kaggle
441,1087,2019-12-09 13:40:32,kaggle
441,1088,2019-12-09 13:40:32,kaggle
441,1089,2019-12-09 13:40:32,kaggle
441,1090,2019-12-09 13:40:32,kaggle
442,1091,2019-12-09 13:40:32,kaggle
442,1092,2019-12-09 13:40:32,kaggle
442,1093,2019-12-09 13:40:32,kaggle
442,1094,2019-12-09 13:40:32,kaggle
443,1095,2019-12-09 13:40:32,kaggle
444,1096,2019-12-09 13:40:32,kaggle
444,1097,2019-12-09 13:40:32,kaggle
445,1098,2019-12-09 13:40:32,kaggle
445,1099,2019-12-09 13:40:32,kaggle
445,1100,2019-12-09 13:40:32,kaggle
446,1101,2019-12-09 13:40:32,kaggle
446,1102,2019-12-09 13:40:32,kaggle
447,1103,2019-12-09 13:40:32,kaggle
448,1104,2019-12-09 13:40:32,kaggle
449,1105,2019-12-09 13:40:32,kaggle
449,1106,2019-12-09 13:40:32,kaggle
449,1107,2019-12-09 13:40:32,kaggle
450,1108,2019-12-09 13:40:32,kaggle
450,1109,2019-12-09 13:40:32,kaggle
450,1110,2019-12-09 13:40:32,kaggle
451,1111,2019-12-09 13:40:32,kaggle
452,1112,2019-12-09 13:40:32,kaggle
453,1113,2019-12-09 13:40:32,kaggle
453,1114,2019-12-09 13:40:32,kaggle
454,1115,2019-12-09 13:40:32,kaggle
454,1116,2019-12-09 13:40:32,kaggle
454,1117,2019-12-09 13:40:32,kaggle
455,1118,2019-12-09 13:40:32,kaggle
456,1119,2019-12-09 13:40:32,kaggle
457,1120,2019-12-09 13:40:32,kaggle
457,1121,2019-12-09 13:40:32,kaggle
457,1122,2019-12-09 13:40:32,kaggle
457,1123,2019-12-09 13:40:32,kaggle
458,1124,2019-12-09 13:40:32,kaggle
458,1125,2019-12-09 13:40:32,kaggle
459,1126,2019-12-09 13:40:32,kaggle
460,1127,2019-12-09 13:40:32,kaggle
460,1128,2019-12-09 13:40:32,kaggle
460,1129,2019-12-09 13:40:32,kaggle
461,1130,2019-12-09 13:40:32,kaggle
461,1131,2019-12-09 13:40:32,kaggle
462,1132,2019-12-09 13:40:32,kaggle
462,1133,2019-12-09 13:40:32,kaggle
462,1134,2019-12-09 13:40:32,kaggle
462,1135,2019-12-09 13:40:32,kaggle
463,1136,2019-12-09 13:40:32,kaggle
463,1137,2019-12-09 13:40:32,kaggle
463,1138,2019-12-09 13:40:32,kaggle
463,1139,2019-12-09 13:40:32,kaggle
464,1140,2019-12-09 13:40:32,kaggle
465,1141,2019-12-09 13:40:32,kaggle
466,1142,2019-12-09 13:40:32,kaggle
466,1143,2019-12-09 13:40:32,kaggle
466,1144,2019-12-09 13:40:32,kaggle
466,1145,2019-12-09 13:40:32,kaggle
467,1146,2019-12-09 13:40:32,kaggle
468,1147,2019-12-09 13:40:32,kaggle
468,1148,2019-12-09 13:40:32,kaggle
468,1149,2019-12-09 13:40:32,kaggle
469,1150,2019-12-09 13:40:32,kaggle
469,1151,2019-12-09 13:40:32,kaggle
469,1152,2019-12-09 13:40:32,kaggle
470,1153,2019-12-09 13:40:32,kaggle
471,1154,2019-12-09 13:40:32,kaggle
471,1155,2019-12-09 13:40:32,kaggle
472,1156,2019-12-09 13:40:32,kaggle
472,1157,2019-12-09 13:40:32,kaggle
472,1158,2019-12-09 13:40:32,kaggle
472,1159,2019-12-09 13:40:32,kaggle
473,1160,2019-12-09 13:40:32,kaggle
474,1161,2019-12-09 13:40:32,kaggle
474,1162,2019-12-09 13:40:32,kaggle
475,1163,2019-12-09 13:40:32,kaggle
476,1164,2019-12-09 13:40:32,kaggle
477,1165,2019-12-09 13:40:32,kaggle
477,1166,2019-12-09 13:40:32,kaggle
477,1167,2019-12-09 13:40:32,kaggle
478,1168,2019-12-09 13:40:32,kaggle
479,1169,2019-12-09 13:40:32,kaggle
479,1170,2019-12-09 13:40:32,kaggle
480,1171,2019-12-09 13:40:32,kaggle
481,1172,2019-12-09 13:40:32,kaggle
482,1173,2019-12-09 13:40:32,kaggle
482,1174,2019-12-09 13:40:32,kaggle
482,1175,2019-12-09 13:40:32,kaggle
483,1176,2019-12-09 13:40:32,kaggle
483,1177,2019-12-09 13:40:32,kaggle
484,1178,2019-12-09 13:40:32,kaggle
484,1179,2019-12-09 13:40:32,kaggle
484,1180,2019-12-09 13:40:32,kaggle
485,1181,2019-12-09 13:40:32,kaggle
485,1182,2019-12-09 13:40:32,kaggle
485,1183,2019-12-09 13:40:32,kaggle
486,1184,2019-12-09 13:40:32,kaggle
486,1185,2019-12-09 13:40:32,kaggle
486,1186,2019-12-09 13:40:32,kaggle
487,1187,2019-12-09 13:40:32,kaggle
487,1188,2019-12-09 13:40:32,kaggle
487,1189,2019-12-09 13:40:32,kaggle
487,1190,2019-12-09 13:40:32,kaggle
488,1191,2019-12-09 13:40:32,kaggle
488,1192,2019-12-09 13:40:32,kaggle
489,1193,2019-12-09 13:40:32,kaggle
489,1194,2019-12-09 13:40:32,kaggle
489,1195,2019-12-09 13:40:32,kaggle
490,1196,2019-12-09 13:40:32,kaggle
490,1197,2019-12-09 13:40:32,kaggle
491,1198,2019-12-09 13:40:32,kaggle
491,1199,2019-12-09 13:40:32,kaggle
491,1200,2019-12-09 13:40:32,kaggle
492,1201,2019-12-09 13:40:32,kaggle
492,1202,2019-12-09 13:40:32,kaggle
492,1203,2019-12-09 13:40:32,kaggle
492,1204,2019-12-09 13:40:32,kaggle
493,1205,2019-12-09 13:40:32,kaggle
493,1206,2019-12-09 13:40:32,kaggle
494,1207,2019-12-09 13:40:32,kaggle
495,1208,2019-12-09 13:40:32,kaggle
496,1209,2019-12-09 13:40:32,kaggle
496,1210,2019-12-09 13:40:32,kaggle
497,1211,2019-12-09 13:40:32,kaggle
497,1212,2019-12-09 13:40:32,kaggle
497,1213,2019-12-09 13:40:32,kaggle
497,1214,2019-12-09 13:40:32,kaggle
498,1215,2019-12-09 13:40:32,kaggle
498,1216,2019-12-09 13:40:32,kaggle
498,1217,2019-12-09 13:40:32,kaggle
499,1218,2019-12-09 13:40:32,kaggle
499,1219,2019-12-09 13:40:32,kaggle
499,1220,2019-12-09 13:40:32,kaggle
499,1221,2019-12-09 13:40:32,kaggle
