student_id,LoadDateTimeStamp,RecordSource
1,31:08:2015,kaggle
2,31:08:2015,kaggle
3,31:08:2015,kaggle
4,31:08:2015,kaggle
5,31:08:2015,kaggle
6,31:08:2015,kaggle
7,31:08:2015,kaggle
8,31:08:2015,kaggle
9,31:08:2015,kaggle
10,31:08:2015,kaggle
11,31:08:2015,kaggle
12,31:08:2015,kaggle
13,31:08:2015,kaggle
14,31:08:2015,kaggle
15,31:08:2015,kaggle
16,31:08:2015,kaggle
17,31:08:2015,kaggle
18,31:08:2015,kaggle
19,31:08:2015,kaggle
20,31:08:2015,kaggle
21,31:08:2015,kaggle
22,31:08:2015,kaggle
23,31:08:2015,kaggle
24,31:08:2015,kaggle
25,31:08:2015,kaggle
26,31:08:2015,kaggle
27,31:08:2015,kaggle
28,31:08:2015,kaggle
29,31:08:2015,kaggle
30,31:08:2015,kaggle
31,31:08:2015,kaggle
32,31:08:2015,kaggle
33,31:08:2015,kaggle
34,31:08:2015,kaggle
35,31:08:2015,kaggle
36,31:08:2015,kaggle
37,31:08:2015,kaggle
38,31:08:2015,kaggle
39,31:08:2015,kaggle
40,31:08:2015,kaggle
41,31:08:2015,kaggle
42,31:08:2015,kaggle
43,31:08:2015,kaggle
44,31:08:2015,kaggle
45,31:08:2015,kaggle
46,31:08:2015,kaggle
47,31:08:2015,kaggle
48,31:08:2015,kaggle
49,31:08:2015,kaggle
50,31:08:2015,kaggle
51,31:08:2015,kaggle
52,31:08:2015,kaggle
53,31:08:2015,kaggle
54,31:08:2015,kaggle
55,31:08:2015,kaggle
56,31:08:2015,kaggle
57,31:08:2015,kaggle
58,31:08:2015,kaggle
59,31:08:2015,kaggle
60,31:08:2015,kaggle
61,31:08:2015,kaggle
62,31:08:2015,kaggle
63,31:08:2015,kaggle
64,31:08:2015,kaggle
65,31:08:2015,kaggle
66,31:08:2015,kaggle
67,31:08:2015,kaggle
68,31:08:2015,kaggle
69,31:08:2015,kaggle
70,31:08:2015,kaggle
71,31:08:2015,kaggle
72,31:08:2015,kaggle
73,31:08:2015,kaggle
74,31:08:2015,kaggle
75,31:08:2015,kaggle
76,31:08:2015,kaggle
77,31:08:2015,kaggle
78,31:08:2015,kaggle
79,31:08:2015,kaggle
80,31:08:2015,kaggle
81,31:08:2015,kaggle
82,31:08:2015,kaggle
83,31:08:2015,kaggle
84,31:08:2015,kaggle
85,31:08:2015,kaggle
86,31:08:2015,kaggle
87,31:08:2015,kaggle
88,31:08:2015,kaggle
89,31:08:2015,kaggle
90,31:08:2015,kaggle
91,31:08:2015,kaggle
92,31:08:2015,kaggle
93,31:08:2015,kaggle
94,31:08:2015,kaggle
95,31:08:2015,kaggle
96,31:08:2015,kaggle
97,31:08:2015,kaggle
98,31:08:2015,kaggle
99,31:08:2015,kaggle
100,31:08:2015,kaggle
101,31:08:2015,kaggle
102,31:08:2015,kaggle
103,31:08:2015,kaggle
104,31:08:2015,kaggle
105,31:08:2015,kaggle
106,31:08:2015,kaggle
107,31:08:2015,kaggle
108,31:08:2015,kaggle
109,31:08:2015,kaggle
110,31:08:2015,kaggle
111,31:08:2015,kaggle
112,31:08:2015,kaggle
113,31:08:2015,kaggle
114,31:08:2015,kaggle
115,31:08:2015,kaggle
116,31:08:2015,kaggle
117,31:08:2015,kaggle
118,31:08:2015,kaggle
119,31:08:2015,kaggle
120,31:08:2015,kaggle
121,31:08:2015,kaggle
122,31:08:2015,kaggle
123,31:08:2015,kaggle
124,31:08:2015,kaggle
125,31:08:2015,kaggle
126,31:08:2015,kaggle
127,31:08:2015,kaggle
128,31:08:2015,kaggle
129,31:08:2015,kaggle
130,31:08:2015,kaggle
131,31:08:2015,kaggle
132,31:08:2015,kaggle
133,31:08:2015,kaggle
134,31:08:2015,kaggle
135,31:08:2015,kaggle
136,31:08:2015,kaggle
137,31:08:2015,kaggle
138,31:08:2015,kaggle
139,31:08:2015,kaggle
140,31:08:2015,kaggle
141,31:08:2015,kaggle
142,31:08:2015,kaggle
143,31:08:2015,kaggle
144,31:08:2015,kaggle
145,31:08:2015,kaggle
146,31:08:2015,kaggle
147,31:08:2015,kaggle
148,31:08:2015,kaggle
149,31:08:2015,kaggle
150,31:08:2015,kaggle
151,31:08:2015,kaggle
152,31:08:2015,kaggle
153,31:08:2015,kaggle
154,31:08:2015,kaggle
155,31:08:2015,kaggle
156,31:08:2015,kaggle
157,31:08:2015,kaggle
158,31:08:2015,kaggle
159,31:08:2015,kaggle
160,31:08:2015,kaggle
161,31:08:2015,kaggle
162,31:08:2015,kaggle
163,31:08:2015,kaggle
164,31:08:2015,kaggle
165,31:08:2015,kaggle
166,31:08:2015,kaggle
167,31:08:2015,kaggle
168,31:08:2015,kaggle
169,31:08:2015,kaggle
170,31:08:2015,kaggle
171,31:08:2015,kaggle
172,31:08:2015,kaggle
173,31:08:2015,kaggle
174,31:08:2015,kaggle
175,31:08:2015,kaggle
176,31:08:2015,kaggle
177,31:08:2015,kaggle
178,31:08:2015,kaggle
179,31:08:2015,kaggle
180,31:08:2015,kaggle
181,31:08:2015,kaggle
182,31:08:2015,kaggle
183,31:08:2015,kaggle
184,31:08:2015,kaggle
185,31:08:2015,kaggle
186,31:08:2015,kaggle
187,31:08:2015,kaggle
188,31:08:2015,kaggle
189,31:08:2015,kaggle
190,31:08:2015,kaggle
191,31:08:2015,kaggle
192,31:08:2015,kaggle
193,31:08:2015,kaggle
194,31:08:2015,kaggle
195,31:08:2015,kaggle
196,31:08:2015,kaggle
197,31:08:2015,kaggle
198,31:08:2015,kaggle
199,31:08:2015,kaggle
200,31:08:2015,kaggle
201,31:08:2015,kaggle
202,31:08:2015,kaggle
203,31:08:2015,kaggle
204,31:08:2015,kaggle
205,31:08:2015,kaggle
206,31:08:2015,kaggle
207,31:08:2015,kaggle
208,31:08:2015,kaggle
209,31:08:2015,kaggle
210,31:08:2015,kaggle
211,31:08:2015,kaggle
212,31:08:2015,kaggle
213,31:08:2015,kaggle
214,31:08:2015,kaggle
215,31:08:2015,kaggle
216,31:08:2015,kaggle
217,31:08:2015,kaggle
218,31:08:2015,kaggle
219,31:08:2015,kaggle
220,31:08:2015,kaggle
221,31:08:2015,kaggle
222,31:08:2015,kaggle
223,31:08:2015,kaggle
224,31:08:2015,kaggle
225,31:08:2015,kaggle
226,31:08:2015,kaggle
227,31:08:2015,kaggle
228,31:08:2015,kaggle
229,31:08:2015,kaggle
230,31:08:2015,kaggle
231,31:08:2015,kaggle
232,31:08:2015,kaggle
233,31:08:2015,kaggle
234,31:08:2015,kaggle
235,31:08:2015,kaggle
236,31:08:2015,kaggle
237,31:08:2015,kaggle
238,31:08:2015,kaggle
239,31:08:2015,kaggle
240,31:08:2015,kaggle
241,31:08:2015,kaggle
242,31:08:2015,kaggle
243,31:08:2015,kaggle
244,31:08:2015,kaggle
245,31:08:2015,kaggle
246,31:08:2015,kaggle
247,31:08:2015,kaggle
248,31:08:2015,kaggle
249,31:08:2015,kaggle
250,31:08:2015,kaggle
251,31:08:2015,kaggle
252,31:08:2015,kaggle
253,31:08:2015,kaggle
254,31:08:2015,kaggle
255,31:08:2015,kaggle
256,31:08:2015,kaggle
257,31:08:2015,kaggle
258,31:08:2015,kaggle
259,31:08:2015,kaggle
260,31:08:2015,kaggle
261,31:08:2015,kaggle
262,31:08:2015,kaggle
263,31:08:2015,kaggle
264,31:08:2015,kaggle
265,31:08:2015,kaggle
266,31:08:2015,kaggle
267,31:08:2015,kaggle
268,31:08:2015,kaggle
269,31:08:2015,kaggle
270,31:08:2015,kaggle
271,31:08:2015,kaggle
272,31:08:2015,kaggle
273,31:08:2015,kaggle
274,31:08:2015,kaggle
275,31:08:2015,kaggle
276,31:08:2015,kaggle
277,31:08:2015,kaggle
278,31:08:2015,kaggle
279,31:08:2015,kaggle
280,31:08:2015,kaggle
281,31:08:2015,kaggle
282,31:08:2015,kaggle
283,31:08:2015,kaggle
284,31:08:2015,kaggle
285,31:08:2015,kaggle
286,31:08:2015,kaggle
287,31:08:2015,kaggle
288,31:08:2015,kaggle
289,31:08:2015,kaggle
290,31:08:2015,kaggle
291,31:08:2015,kaggle
292,31:08:2015,kaggle
293,31:08:2015,kaggle
294,31:08:2015,kaggle
295,31:08:2015,kaggle
296,31:08:2015,kaggle
297,31:08:2015,kaggle
298,31:08:2015,kaggle
299,31:08:2015,kaggle
300,31:08:2015,kaggle
301,31:08:2015,kaggle
302,31:08:2015,kaggle
303,31:08:2015,kaggle
304,31:08:2015,kaggle
305,31:08:2015,kaggle
306,31:08:2015,kaggle
307,31:08:2015,kaggle
308,31:08:2015,kaggle
309,31:08:2015,kaggle
310,31:08:2015,kaggle
311,31:08:2015,kaggle
312,31:08:2015,kaggle
313,31:08:2015,kaggle
314,31:08:2015,kaggle
315,31:08:2015,kaggle
316,31:08:2015,kaggle
317,31:08:2015,kaggle
318,31:08:2015,kaggle
319,31:08:2015,kaggle
320,31:08:2015,kaggle
321,31:08:2015,kaggle
322,31:08:2015,kaggle
323,31:08:2015,kaggle
324,31:08:2015,kaggle
325,31:08:2015,kaggle
326,31:08:2015,kaggle
327,31:08:2015,kaggle
328,31:08:2015,kaggle
329,31:08:2015,kaggle
330,31:08:2015,kaggle
331,31:08:2015,kaggle
332,31:08:2015,kaggle
333,31:08:2015,kaggle
334,31:08:2015,kaggle
335,31:08:2015,kaggle
336,31:08:2015,kaggle
337,31:08:2015,kaggle
338,31:08:2015,kaggle
339,31:08:2015,kaggle
340,31:08:2015,kaggle
341,31:08:2015,kaggle
342,31:08:2015,kaggle
343,31:08:2015,kaggle
344,31:08:2015,kaggle
345,31:08:2015,kaggle
346,31:08:2015,kaggle
347,31:08:2015,kaggle
348,31:08:2015,kaggle
349,31:08:2015,kaggle
350,31:08:2015,kaggle
351,31:08:2015,kaggle
352,31:08:2015,kaggle
353,31:08:2015,kaggle
354,31:08:2015,kaggle
355,31:08:2015,kaggle
356,31:08:2015,kaggle
357,31:08:2015,kaggle
358,31:08:2015,kaggle
359,31:08:2015,kaggle
360,31:08:2015,kaggle
361,31:08:2015,kaggle
362,31:08:2015,kaggle
363,31:08:2015,kaggle
364,31:08:2015,kaggle
365,31:08:2015,kaggle
366,31:08:2015,kaggle
367,31:08:2015,kaggle
368,31:08:2015,kaggle
369,31:08:2015,kaggle
370,31:08:2015,kaggle
371,31:08:2015,kaggle
372,31:08:2015,kaggle
373,31:08:2015,kaggle
374,31:08:2015,kaggle
375,31:08:2015,kaggle
376,31:08:2015,kaggle
377,31:08:2015,kaggle
378,31:08:2015,kaggle
379,31:08:2015,kaggle
380,31:08:2015,kaggle
381,31:08:2015,kaggle
382,31:08:2015,kaggle
383,31:08:2015,kaggle
384,31:08:2015,kaggle
385,31:08:2015,kaggle
386,31:08:2015,kaggle
387,31:08:2015,kaggle
388,31:08:2015,kaggle
389,31:08:2015,kaggle
390,31:08:2015,kaggle
391,31:08:2015,kaggle
392,31:08:2015,kaggle
393,31:08:2015,kaggle
394,31:08:2015,kaggle
395,31:08:2015,kaggle
396,31:08:2015,kaggle
397,31:08:2015,kaggle
398,31:08:2015,kaggle
399,31:08:2015,kaggle
400,31:08:2015,kaggle
401,31:08:2015,kaggle
402,31:08:2015,kaggle
403,31:08:2015,kaggle
404,31:08:2015,kaggle
405,31:08:2015,kaggle
406,31:08:2015,kaggle
407,31:08:2015,kaggle
408,31:08:2015,kaggle
409,31:08:2015,kaggle
410,31:08:2015,kaggle
411,31:08:2015,kaggle
412,31:08:2015,kaggle
413,31:08:2015,kaggle
414,31:08:2015,kaggle
415,31:08:2015,kaggle
416,31:08:2015,kaggle
417,31:08:2015,kaggle
418,31:08:2015,kaggle
419,31:08:2015,kaggle
420,31:08:2015,kaggle
421,31:08:2015,kaggle
422,31:08:2015,kaggle
423,31:08:2015,kaggle
424,31:08:2015,kaggle
425,31:08:2015,kaggle
426,31:08:2015,kaggle
427,31:08:2015,kaggle
428,31:08:2015,kaggle
429,31:08:2015,kaggle
430,31:08:2015,kaggle
431,31:08:2015,kaggle
432,31:08:2015,kaggle
433,31:08:2015,kaggle
434,31:08:2015,kaggle
435,31:08:2015,kaggle
436,31:08:2015,kaggle
437,31:08:2015,kaggle
438,31:08:2015,kaggle
439,31:08:2015,kaggle
440,31:08:2015,kaggle
441,31:08:2015,kaggle
442,31:08:2015,kaggle
443,31:08:2015,kaggle
444,31:08:2015,kaggle
445,31:08:2015,kaggle
446,31:08:2015,kaggle
447,31:08:2015,kaggle
448,31:08:2015,kaggle
449,31:08:2015,kaggle
450,31:08:2015,kaggle
451,31:08:2015,kaggle
452,31:08:2015,kaggle
453,31:08:2015,kaggle
454,31:08:2015,kaggle
455,31:08:2015,kaggle
456,31:08:2015,kaggle
457,31:08:2015,kaggle
458,31:08:2015,kaggle
459,31:08:2015,kaggle
460,31:08:2015,kaggle
461,31:08:2015,kaggle
462,31:08:2015,kaggle
463,31:08:2015,kaggle
464,31:08:2015,kaggle
465,31:08:2015,kaggle
466,31:08:2015,kaggle
467,31:08:2015,kaggle
468,31:08:2015,kaggle
469,31:08:2015,kaggle
470,31:08:2015,kaggle
471,31:08:2015,kaggle
472,31:08:2015,kaggle
473,31:08:2015,kaggle
474,31:08:2015,kaggle
475,31:08:2015,kaggle
476,31:08:2015,kaggle
477,31:08:2015,kaggle
478,31:08:2015,kaggle
479,31:08:2015,kaggle
480,31:08:2015,kaggle
481,31:08:2015,kaggle
482,31:08:2015,kaggle
483,31:08:2015,kaggle
484,31:08:2015,kaggle
485,31:08:2015,kaggle
486,31:08:2015,kaggle
487,31:08:2015,kaggle
488,31:08:2015,kaggle
489,31:08:2015,kaggle
490,31:08:2015,kaggle
491,31:08:2015,kaggle
492,31:08:2015,kaggle
493,31:08:2015,kaggle
494,31:08:2015,kaggle
495,31:08:2015,kaggle
496,31:08:2015,kaggle
497,31:08:2015,kaggle
498,31:08:2015,kaggle
499,31:08:2015,kaggle
500,31:08:2015,kaggle
501,31:08:2015,kaggle
502,31:08:2015,kaggle
503,31:08:2015,kaggle
504,31:08:2015,kaggle
505,31:08:2015,kaggle
506,31:08:2015,kaggle
507,31:08:2015,kaggle
508,31:08:2015,kaggle
509,31:08:2015,kaggle
510,31:08:2015,kaggle
511,31:08:2015,kaggle
512,31:08:2015,kaggle
513,31:08:2015,kaggle
514,31:08:2015,kaggle
515,31:08:2015,kaggle
516,31:08:2015,kaggle
517,31:08:2015,kaggle
518,31:08:2015,kaggle
519,31:08:2015,kaggle
520,31:08:2015,kaggle
521,31:08:2015,kaggle
522,31:08:2015,kaggle
523,31:08:2015,kaggle
524,31:08:2015,kaggle
525,31:08:2015,kaggle
526,31:08:2015,kaggle
527,31:08:2015,kaggle
528,31:08:2015,kaggle
529,31:08:2015,kaggle
530,31:08:2015,kaggle
531,31:08:2015,kaggle
532,31:08:2015,kaggle
533,31:08:2015,kaggle
534,31:08:2015,kaggle
535,31:08:2015,kaggle
536,31:08:2015,kaggle
537,31:08:2015,kaggle
538,31:08:2015,kaggle
539,31:08:2015,kaggle
540,31:08:2015,kaggle
541,31:08:2015,kaggle
542,31:08:2015,kaggle
543,31:08:2015,kaggle
544,31:08:2015,kaggle
545,31:08:2015,kaggle
546,31:08:2015,kaggle
547,31:08:2015,kaggle
548,31:08:2015,kaggle
549,31:08:2015,kaggle
550,31:08:2015,kaggle
551,31:08:2015,kaggle
552,31:08:2015,kaggle
553,31:08:2015,kaggle
554,31:08:2015,kaggle
555,31:08:2015,kaggle
556,31:08:2015,kaggle
557,31:08:2015,kaggle
558,31:08:2015,kaggle
559,31:08:2015,kaggle
560,31:08:2015,kaggle
561,31:08:2015,kaggle
562,31:08:2015,kaggle
563,31:08:2015,kaggle
564,31:08:2015,kaggle
565,31:08:2015,kaggle
566,31:08:2015,kaggle
567,31:08:2015,kaggle
568,31:08:2015,kaggle
569,31:08:2015,kaggle
570,31:08:2015,kaggle
571,31:08:2015,kaggle
572,31:08:2015,kaggle
573,31:08:2015,kaggle
574,31:08:2015,kaggle
575,31:08:2015,kaggle
576,31:08:2015,kaggle
577,31:08:2015,kaggle
578,31:08:2015,kaggle
579,31:08:2015,kaggle
580,31:08:2015,kaggle
581,31:08:2015,kaggle
582,31:08:2015,kaggle
583,31:08:2015,kaggle
584,31:08:2015,kaggle
585,31:08:2015,kaggle
586,31:08:2015,kaggle
587,31:08:2015,kaggle
588,31:08:2015,kaggle
589,31:08:2015,kaggle
590,31:08:2015,kaggle
591,31:08:2015,kaggle
592,31:08:2015,kaggle
593,31:08:2015,kaggle
594,31:08:2015,kaggle
595,31:08:2015,kaggle
596,31:08:2015,kaggle
597,31:08:2015,kaggle
598,31:08:2015,kaggle
599,31:08:2015,kaggle
600,31:08:2015,kaggle
601,31:08:2015,kaggle
602,31:08:2015,kaggle
603,31:08:2015,kaggle
604,31:08:2015,kaggle
605,31:08:2015,kaggle
606,31:08:2015,kaggle
607,31:08:2015,kaggle
608,31:08:2015,kaggle
609,31:08:2015,kaggle
610,31:08:2015,kaggle
611,31:08:2015,kaggle
612,31:08:2015,kaggle
613,31:08:2015,kaggle
614,31:08:2015,kaggle
615,31:08:2015,kaggle
616,31:08:2015,kaggle
617,31:08:2015,kaggle
618,31:08:2015,kaggle
619,31:08:2015,kaggle
620,31:08:2015,kaggle
621,31:08:2015,kaggle
622,31:08:2015,kaggle
623,31:08:2015,kaggle
624,31:08:2015,kaggle
625,31:08:2015,kaggle
626,31:08:2015,kaggle
627,31:08:2015,kaggle
628,31:08:2015,kaggle
629,31:08:2015,kaggle
630,31:08:2015,kaggle
631,31:08:2015,kaggle
632,31:08:2015,kaggle
633,31:08:2015,kaggle
634,31:08:2015,kaggle
635,31:08:2015,kaggle
636,31:08:2015,kaggle
637,31:08:2015,kaggle
638,31:08:2015,kaggle
639,31:08:2015,kaggle
640,31:08:2015,kaggle
641,31:08:2015,kaggle
642,31:08:2015,kaggle
643,31:08:2015,kaggle
644,31:08:2015,kaggle
645,31:08:2015,kaggle
646,31:08:2015,kaggle
647,31:08:2015,kaggle
648,31:08:2015,kaggle
649,31:08:2015,kaggle
650,31:08:2015,kaggle
651,31:08:2015,kaggle
652,31:08:2015,kaggle
653,31:08:2015,kaggle
654,31:08:2015,kaggle
655,31:08:2015,kaggle
656,31:08:2015,kaggle
657,31:08:2015,kaggle
658,31:08:2015,kaggle
659,31:08:2015,kaggle
660,31:08:2015,kaggle
661,31:08:2015,kaggle
662,31:08:2015,kaggle
663,31:08:2015,kaggle
664,31:08:2015,kaggle
665,31:08:2015,kaggle
666,31:08:2015,kaggle
667,31:08:2015,kaggle
668,31:08:2015,kaggle
669,31:08:2015,kaggle
670,31:08:2015,kaggle
671,31:08:2015,kaggle
672,31:08:2015,kaggle
673,31:08:2015,kaggle
674,31:08:2015,kaggle
675,31:08:2015,kaggle
676,31:08:2015,kaggle
677,31:08:2015,kaggle
678,31:08:2015,kaggle
679,31:08:2015,kaggle
680,31:08:2015,kaggle
681,31:08:2015,kaggle
682,31:08:2015,kaggle
683,31:08:2015,kaggle
684,31:08:2015,kaggle
685,31:08:2015,kaggle
686,31:08:2015,kaggle
687,31:08:2015,kaggle
688,31:08:2015,kaggle
689,31:08:2015,kaggle
690,31:08:2015,kaggle
691,31:08:2015,kaggle
692,31:08:2015,kaggle
693,31:08:2015,kaggle
694,31:08:2015,kaggle
695,31:08:2015,kaggle
696,31:08:2015,kaggle
697,31:08:2015,kaggle
698,31:08:2015,kaggle
699,31:08:2015,kaggle
700,31:08:2015,kaggle
701,31:08:2015,kaggle
702,31:08:2015,kaggle
703,31:08:2015,kaggle
704,31:08:2015,kaggle
705,31:08:2015,kaggle
706,31:08:2015,kaggle
707,31:08:2015,kaggle
708,31:08:2015,kaggle
709,31:08:2015,kaggle
710,31:08:2015,kaggle
711,31:08:2015,kaggle
712,31:08:2015,kaggle
713,31:08:2015,kaggle
714,31:08:2015,kaggle
715,31:08:2015,kaggle
716,31:08:2015,kaggle
717,31:08:2015,kaggle
718,31:08:2015,kaggle
719,31:08:2015,kaggle
720,31:08:2015,kaggle
721,31:08:2015,kaggle
722,31:08:2015,kaggle
723,31:08:2015,kaggle
724,31:08:2015,kaggle
725,31:08:2015,kaggle
726,31:08:2015,kaggle
727,31:08:2015,kaggle
728,31:08:2015,kaggle
729,31:08:2015,kaggle
730,31:08:2015,kaggle
731,31:08:2015,kaggle
732,31:08:2015,kaggle
733,31:08:2015,kaggle
734,31:08:2015,kaggle
735,31:08:2015,kaggle
736,31:08:2015,kaggle
737,31:08:2015,kaggle
738,31:08:2015,kaggle
739,31:08:2015,kaggle
740,31:08:2015,kaggle
741,31:08:2015,kaggle
742,31:08:2015,kaggle
743,31:08:2015,kaggle
744,31:08:2015,kaggle
745,31:08:2015,kaggle
746,31:08:2015,kaggle
747,31:08:2015,kaggle
748,31:08:2015,kaggle
749,31:08:2015,kaggle
750,31:08:2015,kaggle
751,31:08:2015,kaggle
752,31:08:2015,kaggle
753,31:08:2015,kaggle
754,31:08:2015,kaggle
755,31:08:2015,kaggle
756,31:08:2015,kaggle
757,31:08:2015,kaggle
758,31:08:2015,kaggle
759,31:08:2015,kaggle
760,31:08:2015,kaggle
761,31:08:2015,kaggle
762,31:08:2015,kaggle
763,31:08:2015,kaggle
764,31:08:2015,kaggle
765,31:08:2015,kaggle
766,31:08:2015,kaggle
767,31:08:2015,kaggle
768,31:08:2015,kaggle
769,31:08:2015,kaggle
770,31:08:2015,kaggle
771,31:08:2015,kaggle
772,31:08:2015,kaggle
773,31:08:2015,kaggle
774,31:08:2015,kaggle
775,31:08:2015,kaggle
776,31:08:2015,kaggle
777,31:08:2015,kaggle
778,31:08:2015,kaggle
779,31:08:2015,kaggle
780,31:08:2015,kaggle
781,31:08:2015,kaggle
782,31:08:2015,kaggle
783,31:08:2015,kaggle
784,31:08:2015,kaggle
785,31:08:2015,kaggle
786,31:08:2015,kaggle
787,31:08:2015,kaggle
788,31:08:2015,kaggle
789,31:08:2015,kaggle
790,31:08:2015,kaggle
791,31:08:2015,kaggle
792,31:08:2015,kaggle
793,31:08:2015,kaggle
794,31:08:2015,kaggle
795,31:08:2015,kaggle
796,31:08:2015,kaggle
797,31:08:2015,kaggle
798,31:08:2015,kaggle
799,31:08:2015,kaggle
800,31:08:2015,kaggle
801,31:08:2015,kaggle
802,31:08:2015,kaggle
803,31:08:2015,kaggle
804,31:08:2015,kaggle
805,31:08:2015,kaggle
806,31:08:2015,kaggle
807,31:08:2015,kaggle
808,31:08:2015,kaggle
809,31:08:2015,kaggle
810,31:08:2015,kaggle
811,31:08:2015,kaggle
812,31:08:2015,kaggle
813,31:08:2015,kaggle
814,31:08:2015,kaggle
815,31:08:2015,kaggle
816,31:08:2015,kaggle
817,31:08:2015,kaggle
818,31:08:2015,kaggle
819,31:08:2015,kaggle
820,31:08:2015,kaggle
821,31:08:2015,kaggle
822,31:08:2015,kaggle
823,31:08:2015,kaggle
824,31:08:2015,kaggle
825,31:08:2015,kaggle
826,31:08:2015,kaggle
827,31:08:2015,kaggle
828,31:08:2015,kaggle
829,31:08:2015,kaggle
830,31:08:2015,kaggle
831,31:08:2015,kaggle
832,31:08:2015,kaggle
833,31:08:2015,kaggle
834,31:08:2015,kaggle
835,31:08:2015,kaggle
836,31:08:2015,kaggle
837,31:08:2015,kaggle
838,31:08:2015,kaggle
839,31:08:2015,kaggle
840,31:08:2015,kaggle
841,31:08:2015,kaggle
842,31:08:2015,kaggle
843,31:08:2015,kaggle
844,31:08:2015,kaggle
845,31:08:2015,kaggle
846,31:08:2015,kaggle
847,31:08:2015,kaggle
848,31:08:2015,kaggle
849,31:08:2015,kaggle
850,31:08:2015,kaggle
851,31:08:2015,kaggle
852,31:08:2015,kaggle
853,31:08:2015,kaggle
854,31:08:2015,kaggle
855,31:08:2015,kaggle
856,31:08:2015,kaggle
857,31:08:2015,kaggle
858,31:08:2015,kaggle
859,31:08:2015,kaggle
860,31:08:2015,kaggle
861,31:08:2015,kaggle
862,31:08:2015,kaggle
863,31:08:2015,kaggle
864,31:08:2015,kaggle
865,31:08:2015,kaggle
866,31:08:2015,kaggle
867,31:08:2015,kaggle
868,31:08:2015,kaggle
869,31:08:2015,kaggle
870,31:08:2015,kaggle
871,31:08:2015,kaggle
872,31:08:2015,kaggle
873,31:08:2015,kaggle
874,31:08:2015,kaggle
875,31:08:2015,kaggle
876,31:08:2015,kaggle
877,31:08:2015,kaggle
878,31:08:2015,kaggle
879,31:08:2015,kaggle
880,31:08:2015,kaggle
881,31:08:2015,kaggle
882,31:08:2015,kaggle
883,31:08:2015,kaggle
884,31:08:2015,kaggle
885,31:08:2015,kaggle
886,31:08:2015,kaggle
887,31:08:2015,kaggle
888,31:08:2015,kaggle
889,31:08:2015,kaggle
890,31:08:2015,kaggle
891,31:08:2015,kaggle
892,31:08:2015,kaggle
893,31:08:2015,kaggle
894,31:08:2015,kaggle
895,31:08:2015,kaggle
896,31:08:2015,kaggle
897,31:08:2015,kaggle
898,31:08:2015,kaggle
899,31:08:2015,kaggle
900,31:08:2015,kaggle
901,31:08:2015,kaggle
902,31:08:2015,kaggle
903,31:08:2015,kaggle
904,31:08:2015,kaggle
905,31:08:2015,kaggle
906,31:08:2015,kaggle
907,31:08:2015,kaggle
908,31:08:2015,kaggle
909,31:08:2015,kaggle
910,31:08:2015,kaggle
911,31:08:2015,kaggle
912,31:08:2015,kaggle
913,31:08:2015,kaggle
914,31:08:2015,kaggle
915,31:08:2015,kaggle
916,31:08:2015,kaggle
917,31:08:2015,kaggle
918,31:08:2015,kaggle
919,31:08:2015,kaggle
920,31:08:2015,kaggle
921,31:08:2015,kaggle
922,31:08:2015,kaggle
923,31:08:2015,kaggle
924,31:08:2015,kaggle
925,31:08:2015,kaggle
926,31:08:2015,kaggle
927,31:08:2015,kaggle
928,31:08:2015,kaggle
929,31:08:2015,kaggle
930,31:08:2015,kaggle
931,31:08:2015,kaggle
932,31:08:2015,kaggle
933,31:08:2015,kaggle
934,31:08:2015,kaggle
935,31:08:2015,kaggle
936,31:08:2015,kaggle
937,31:08:2015,kaggle
938,31:08:2015,kaggle
939,31:08:2015,kaggle
940,31:08:2015,kaggle
941,31:08:2015,kaggle
942,31:08:2015,kaggle
943,31:08:2015,kaggle
944,31:08:2015,kaggle
945,31:08:2015,kaggle
946,31:08:2015,kaggle
947,31:08:2015,kaggle
948,31:08:2015,kaggle
949,31:08:2015,kaggle
950,31:08:2015,kaggle
951,31:08:2015,kaggle
952,31:08:2015,kaggle
953,31:08:2015,kaggle
954,31:08:2015,kaggle
955,31:08:2015,kaggle
956,31:08:2015,kaggle
957,31:08:2015,kaggle
958,31:08:2015,kaggle
959,31:08:2015,kaggle
960,31:08:2015,kaggle
961,31:08:2015,kaggle
962,31:08:2015,kaggle
963,31:08:2015,kaggle
964,31:08:2015,kaggle
965,31:08:2015,kaggle
966,31:08:2015,kaggle
967,31:08:2015,kaggle
968,31:08:2015,kaggle
969,31:08:2015,kaggle
970,31:08:2015,kaggle
971,31:08:2015,kaggle
972,31:08:2015,kaggle
973,31:08:2015,kaggle
974,31:08:2015,kaggle
975,31:08:2015,kaggle
976,31:08:2015,kaggle
977,31:08:2015,kaggle
978,31:08:2015,kaggle
979,31:08:2015,kaggle
980,31:08:2015,kaggle
981,31:08:2015,kaggle
982,31:08:2015,kaggle
983,31:08:2015,kaggle
984,31:08:2015,kaggle
985,31:08:2015,kaggle
986,31:08:2015,kaggle
987,31:08:2015,kaggle
988,31:08:2015,kaggle
989,31:08:2015,kaggle
990,31:08:2015,kaggle
991,31:08:2015,kaggle
992,31:08:2015,kaggle
993,31:08:2015,kaggle
994,31:08:2015,kaggle
995,31:08:2015,kaggle
996,31:08:2015,kaggle
997,31:08:2015,kaggle
998,31:08:2015,kaggle
999,31:08:2015,kaggle
1000,31:08:2015,kaggle
1001,31:08:2015,kaggle
1002,31:08:2015,kaggle
1003,31:08:2015,kaggle
1004,31:08:2015,kaggle
1005,31:08:2015,kaggle
1006,31:08:2015,kaggle
1007,31:08:2015,kaggle
1008,31:08:2015,kaggle
1009,31:08:2015,kaggle
1010,31:08:2015,kaggle
1011,31:08:2015,kaggle
1012,31:08:2015,kaggle
1013,31:08:2015,kaggle
1014,31:08:2015,kaggle
1015,31:08:2015,kaggle
1016,31:08:2015,kaggle
1017,31:08:2015,kaggle
1018,31:08:2015,kaggle
1019,31:08:2015,kaggle
1020,31:08:2015,kaggle
1021,31:08:2015,kaggle
1022,31:08:2015,kaggle
1023,31:08:2015,kaggle
1024,31:08:2015,kaggle
1025,31:08:2015,kaggle
1026,31:08:2015,kaggle
1027,31:08:2015,kaggle
1028,31:08:2015,kaggle
1029,31:08:2015,kaggle
1030,31:08:2015,kaggle
1031,31:08:2015,kaggle
1032,31:08:2015,kaggle
1033,31:08:2015,kaggle
1034,31:08:2015,kaggle
1035,31:08:2015,kaggle
1036,31:08:2015,kaggle
1037,31:08:2015,kaggle
1038,31:08:2015,kaggle
1039,31:08:2015,kaggle
1040,31:08:2015,kaggle
1041,31:08:2015,kaggle
1042,31:08:2015,kaggle
1043,31:08:2015,kaggle
1044,31:08:2015,kaggle
1045,31:08:2015,kaggle
1046,31:08:2015,kaggle
1047,31:08:2015,kaggle
1048,31:08:2015,kaggle
1049,31:08:2015,kaggle
1050,31:08:2015,kaggle
1051,31:08:2015,kaggle
1052,31:08:2015,kaggle
1053,31:08:2015,kaggle
1054,31:08:2015,kaggle
1055,31:08:2015,kaggle
1056,31:08:2015,kaggle
1057,31:08:2015,kaggle
1058,31:08:2015,kaggle
1059,31:08:2015,kaggle
1060,31:08:2015,kaggle
1061,31:08:2015,kaggle
1062,31:08:2015,kaggle
1063,31:08:2015,kaggle
1064,31:08:2015,kaggle
1065,31:08:2015,kaggle
1066,31:08:2015,kaggle
1067,31:08:2015,kaggle
1068,31:08:2015,kaggle
1069,31:08:2015,kaggle
1070,31:08:2015,kaggle
1071,31:08:2015,kaggle
1072,31:08:2015,kaggle
1073,31:08:2015,kaggle
1074,31:08:2015,kaggle
1075,31:08:2015,kaggle
1076,31:08:2015,kaggle
1077,31:08:2015,kaggle
1078,31:08:2015,kaggle
1079,31:08:2015,kaggle
1080,31:08:2015,kaggle
1081,31:08:2015,kaggle
1082,31:08:2015,kaggle
1083,31:08:2015,kaggle
1084,31:08:2015,kaggle
1085,31:08:2015,kaggle
1086,31:08:2015,kaggle
1087,31:08:2015,kaggle
1088,31:08:2015,kaggle
1089,31:08:2015,kaggle
1090,31:08:2015,kaggle
1091,31:08:2015,kaggle
1092,31:08:2015,kaggle
1093,31:08:2015,kaggle
1094,31:08:2015,kaggle
1095,31:08:2015,kaggle
1096,31:08:2015,kaggle
1097,31:08:2015,kaggle
1098,31:08:2015,kaggle
1099,31:08:2015,kaggle
1100,31:08:2015,kaggle
1101,31:08:2015,kaggle
1102,31:08:2015,kaggle
1103,31:08:2015,kaggle
1104,31:08:2015,kaggle
1105,31:08:2015,kaggle
1106,31:08:2015,kaggle
1107,31:08:2015,kaggle
1108,31:08:2015,kaggle
1109,31:08:2015,kaggle
1110,31:08:2015,kaggle
1111,31:08:2015,kaggle
1112,31:08:2015,kaggle
1113,31:08:2015,kaggle
1114,31:08:2015,kaggle
1115,31:08:2015,kaggle
1116,31:08:2015,kaggle
1117,31:08:2015,kaggle
1118,31:08:2015,kaggle
1119,31:08:2015,kaggle
1120,31:08:2015,kaggle
1121,31:08:2015,kaggle
1122,31:08:2015,kaggle
1123,31:08:2015,kaggle
1124,31:08:2015,kaggle
1125,31:08:2015,kaggle
1126,31:08:2015,kaggle
1127,31:08:2015,kaggle
1128,31:08:2015,kaggle
1129,31:08:2015,kaggle
1130,31:08:2015,kaggle
1131,31:08:2015,kaggle
1132,31:08:2015,kaggle
1133,31:08:2015,kaggle
1134,31:08:2015,kaggle
1135,31:08:2015,kaggle
1136,31:08:2015,kaggle
1137,31:08:2015,kaggle
1138,31:08:2015,kaggle
1139,31:08:2015,kaggle
1140,31:08:2015,kaggle
1141,31:08:2015,kaggle
1142,31:08:2015,kaggle
1143,31:08:2015,kaggle
1144,31:08:2015,kaggle
1145,31:08:2015,kaggle
1146,31:08:2015,kaggle
1147,31:08:2015,kaggle
1148,31:08:2015,kaggle
1149,31:08:2015,kaggle
1150,31:08:2015,kaggle
1151,31:08:2015,kaggle
1152,31:08:2015,kaggle
1153,31:08:2015,kaggle
1154,31:08:2015,kaggle
1155,31:08:2015,kaggle
1156,31:08:2015,kaggle
1157,31:08:2015,kaggle
1158,31:08:2015,kaggle
1159,31:08:2015,kaggle
1160,31:08:2015,kaggle
1161,31:08:2015,kaggle
1162,31:08:2015,kaggle
1163,31:08:2015,kaggle
1164,31:08:2015,kaggle
1165,31:08:2015,kaggle
1166,31:08:2015,kaggle
1167,31:08:2015,kaggle
1168,31:08:2015,kaggle
1169,31:08:2015,kaggle
1170,31:08:2015,kaggle
1171,31:08:2015,kaggle
1172,31:08:2015,kaggle
1173,31:08:2015,kaggle
1174,31:08:2015,kaggle
1175,31:08:2015,kaggle
1176,31:08:2015,kaggle
1177,31:08:2015,kaggle
1178,31:08:2015,kaggle
1179,31:08:2015,kaggle
1180,31:08:2015,kaggle
1181,31:08:2015,kaggle
1182,31:08:2015,kaggle
1183,31:08:2015,kaggle
1184,31:08:2015,kaggle
1185,31:08:2015,kaggle
1186,31:08:2015,kaggle
1187,31:08:2015,kaggle
1188,31:08:2015,kaggle
1189,31:08:2015,kaggle
1190,31:08:2015,kaggle
1191,31:08:2015,kaggle
1192,31:08:2015,kaggle
1193,31:08:2015,kaggle
1194,31:08:2015,kaggle
1195,31:08:2015,kaggle
1196,31:08:2015,kaggle
1197,31:08:2015,kaggle
1198,31:08:2015,kaggle
1199,31:08:2015,kaggle
1200,31:08:2015,kaggle
1201,31:08:2015,kaggle
1202,31:08:2015,kaggle
1203,31:08:2015,kaggle
1204,31:08:2015,kaggle
1205,31:08:2015,kaggle
1206,31:08:2015,kaggle
1207,31:08:2015,kaggle
1208,31:08:2015,kaggle
1209,31:08:2015,kaggle
1210,31:08:2015,kaggle
1211,31:08:2015,kaggle
1212,31:08:2015,kaggle
1213,31:08:2015,kaggle
1214,31:08:2015,kaggle
1215,31:08:2015,kaggle
1216,31:08:2015,kaggle
1217,31:08:2015,kaggle
1218,31:08:2015,kaggle
1219,31:08:2015,kaggle
1220,31:08:2015,kaggle
1221,31:08:2015,kaggle
1222,31:08:2015,kaggle
1223,31:08:2015,kaggle
1224,31:08:2015,kaggle
1225,31:08:2015,kaggle
1226,31:08:2015,kaggle
1227,31:08:2015,kaggle
1228,31:08:2015,kaggle
1229,31:08:2015,kaggle
1230,31:08:2015,kaggle
1231,31:08:2015,kaggle
1232,31:08:2015,kaggle
1233,31:08:2015,kaggle
1234,31:08:2015,kaggle
1235,31:08:2015,kaggle
1236,31:08:2015,kaggle
1237,31:08:2015,kaggle
1238,31:08:2015,kaggle
1239,31:08:2015,kaggle
1240,31:08:2015,kaggle
1241,31:08:2015,kaggle
1242,31:08:2015,kaggle
1243,31:08:2015,kaggle
1244,31:08:2015,kaggle
1245,31:08:2015,kaggle
1246,31:08:2015,kaggle
1247,31:08:2015,kaggle
1248,31:08:2015,kaggle
1249,31:08:2015,kaggle
1250,31:08:2015,kaggle
1251,31:08:2015,kaggle
1252,31:08:2015,kaggle
1253,31:08:2015,kaggle
1254,31:08:2015,kaggle
1255,31:08:2015,kaggle
1256,31:08:2015,kaggle
1257,31:08:2015,kaggle
1258,31:08:2015,kaggle
1259,31:08:2015,kaggle
1260,31:08:2015,kaggle
1261,31:08:2015,kaggle
1262,31:08:2015,kaggle
1263,31:08:2015,kaggle
1264,31:08:2015,kaggle
1265,31:08:2015,kaggle
1266,31:08:2015,kaggle
1267,31:08:2015,kaggle
1268,31:08:2015,kaggle
1269,31:08:2015,kaggle
1270,31:08:2015,kaggle
1271,31:08:2015,kaggle
1272,31:08:2015,kaggle
1273,31:08:2015,kaggle
1274,31:08:2015,kaggle
1275,31:08:2015,kaggle
1276,31:08:2015,kaggle
1277,31:08:2015,kaggle
1278,31:08:2015,kaggle
1279,31:08:2015,kaggle
1280,31:08:2015,kaggle
1281,31:08:2015,kaggle
1282,31:08:2015,kaggle
1283,31:08:2015,kaggle
1284,31:08:2015,kaggle
1285,31:08:2015,kaggle
1286,31:08:2015,kaggle
1287,31:08:2015,kaggle
1288,31:08:2015,kaggle
1289,31:08:2015,kaggle
1290,31:08:2015,kaggle
1291,31:08:2015,kaggle
1292,31:08:2015,kaggle
1293,31:08:2015,kaggle
1294,31:08:2015,kaggle
1295,31:08:2015,kaggle
1296,31:08:2015,kaggle
1297,31:08:2015,kaggle
1298,31:08:2015,kaggle
1299,31:08:2015,kaggle
1300,31:08:2015,kaggle
1301,31:08:2015,kaggle
1302,31:08:2015,kaggle
1303,31:08:2015,kaggle
1304,31:08:2015,kaggle
1305,31:08:2015,kaggle
1306,31:08:2015,kaggle
1307,31:08:2015,kaggle
1308,31:08:2015,kaggle
1309,31:08:2015,kaggle
1310,31:08:2015,kaggle
1311,31:08:2015,kaggle
1312,31:08:2015,kaggle
1313,31:08:2015,kaggle
1314,31:08:2015,kaggle
1315,31:08:2015,kaggle
1316,31:08:2015,kaggle
1317,31:08:2015,kaggle
1318,31:08:2015,kaggle
1319,31:08:2015,kaggle
1320,31:08:2015,kaggle
1321,31:08:2015,kaggle
1322,31:08:2015,kaggle
1323,31:08:2015,kaggle
1324,31:08:2015,kaggle
1325,31:08:2015,kaggle
1326,31:08:2015,kaggle
1327,31:08:2015,kaggle
1328,31:08:2015,kaggle
1329,31:08:2015,kaggle
1330,31:08:2015,kaggle
1331,31:08:2015,kaggle
1332,31:08:2015,kaggle
1333,31:08:2015,kaggle
1334,31:08:2015,kaggle
1335,31:08:2015,kaggle
1336,31:08:2015,kaggle
1337,31:08:2015,kaggle
1338,31:08:2015,kaggle
1339,31:08:2015,kaggle
1340,31:08:2015,kaggle
1341,31:08:2015,kaggle
1342,31:08:2015,kaggle
1343,31:08:2015,kaggle
1344,31:08:2015,kaggle
1345,31:08:2015,kaggle
1346,31:08:2015,kaggle
1347,31:08:2015,kaggle
1348,31:08:2015,kaggle
1349,31:08:2015,kaggle
1350,31:08:2015,kaggle
1351,31:08:2015,kaggle
1352,31:08:2015,kaggle
1353,31:08:2015,kaggle
1354,31:08:2015,kaggle
1355,31:08:2015,kaggle
1356,31:08:2015,kaggle
1357,31:08:2015,kaggle
1358,31:08:2015,kaggle
1359,31:08:2015,kaggle
1360,31:08:2015,kaggle
1361,31:08:2015,kaggle
1362,31:08:2015,kaggle
1363,31:08:2015,kaggle
1364,31:08:2015,kaggle
1365,31:08:2015,kaggle
1366,31:08:2015,kaggle
1367,31:08:2015,kaggle
1368,31:08:2015,kaggle
1369,31:08:2015,kaggle
1370,31:08:2015,kaggle
1371,31:08:2015,kaggle
1372,31:08:2015,kaggle
1373,31:08:2015,kaggle
1374,31:08:2015,kaggle
1375,31:08:2015,kaggle
1376,31:08:2015,kaggle
1377,31:08:2015,kaggle
1378,31:08:2015,kaggle
1379,31:08:2015,kaggle
1380,31:08:2015,kaggle
1381,31:08:2015,kaggle
1382,31:08:2015,kaggle
1383,31:08:2015,kaggle
1384,31:08:2015,kaggle
1385,31:08:2015,kaggle
1386,31:08:2015,kaggle
1387,31:08:2015,kaggle
1388,31:08:2015,kaggle
1389,31:08:2015,kaggle
1390,31:08:2015,kaggle
1391,31:08:2015,kaggle
1392,31:08:2015,kaggle
1393,31:08:2015,kaggle
1394,31:08:2015,kaggle
1395,31:08:2015,kaggle
1396,31:08:2015,kaggle
1397,31:08:2015,kaggle
1398,31:08:2015,kaggle
1399,31:08:2015,kaggle
1400,31:08:2015,kaggle
1401,31:08:2015,kaggle
1402,31:08:2015,kaggle
1403,31:08:2015,kaggle
1404,31:08:2015,kaggle
1405,31:08:2015,kaggle
1406,31:08:2015,kaggle
1407,31:08:2015,kaggle
1408,31:08:2015,kaggle
1409,31:08:2015,kaggle
1410,31:08:2015,kaggle
1411,31:08:2015,kaggle
1412,31:08:2015,kaggle
1413,31:08:2015,kaggle
1414,31:08:2015,kaggle
1415,31:08:2015,kaggle
1416,31:08:2015,kaggle
1417,31:08:2015,kaggle
1418,31:08:2015,kaggle
1419,31:08:2015,kaggle
1420,31:08:2015,kaggle
1421,31:08:2015,kaggle
1422,31:08:2015,kaggle
1423,31:08:2015,kaggle
1424,31:08:2015,kaggle
1425,31:08:2015,kaggle
1426,31:08:2015,kaggle
1427,31:08:2015,kaggle
1428,31:08:2015,kaggle
1429,31:08:2015,kaggle
1430,31:08:2015,kaggle
1431,31:08:2015,kaggle
1432,31:08:2015,kaggle
1433,31:08:2015,kaggle
1434,31:08:2015,kaggle
1435,31:08:2015,kaggle
1436,31:08:2015,kaggle
1437,31:08:2015,kaggle
1438,31:08:2015,kaggle
1439,31:08:2015,kaggle
1440,31:08:2015,kaggle
1441,31:08:2015,kaggle
1442,31:08:2015,kaggle
1443,31:08:2015,kaggle
1444,31:08:2015,kaggle
1445,31:08:2015,kaggle
1446,31:08:2015,kaggle
1447,31:08:2015,kaggle
1448,31:08:2015,kaggle
1449,31:08:2015,kaggle
1450,31:08:2015,kaggle
1451,31:08:2015,kaggle
1452,31:08:2015,kaggle
1453,31:08:2015,kaggle
1454,31:08:2015,kaggle
1455,31:08:2015,kaggle
1456,31:08:2015,kaggle
1457,31:08:2015,kaggle
1458,31:08:2015,kaggle
1459,31:08:2015,kaggle
1460,31:08:2015,kaggle
1461,31:08:2015,kaggle
1462,31:08:2015,kaggle
1463,31:08:2015,kaggle
1464,31:08:2015,kaggle
1465,31:08:2015,kaggle
1466,31:08:2015,kaggle
1467,31:08:2015,kaggle
1468,31:08:2015,kaggle
1469,31:08:2015,kaggle
1470,31:08:2015,kaggle
1471,31:08:2015,kaggle
1472,31:08:2015,kaggle
1473,31:08:2015,kaggle
1474,31:08:2015,kaggle
1475,31:08:2015,kaggle
1476,31:08:2015,kaggle
1477,31:08:2015,kaggle
1478,31:08:2015,kaggle
1479,31:08:2015,kaggle
1480,31:08:2015,kaggle
1481,31:08:2015,kaggle
1482,31:08:2015,kaggle
1483,31:08:2015,kaggle
1484,31:08:2015,kaggle
1485,31:08:2015,kaggle
1486,31:08:2015,kaggle
1487,31:08:2015,kaggle
1488,31:08:2015,kaggle
1489,31:08:2015,kaggle
1490,31:08:2015,kaggle
1491,31:08:2015,kaggle
1492,31:08:2015,kaggle
1493,31:08:2015,kaggle
1494,31:08:2015,kaggle
1495,31:08:2015,kaggle
1496,31:08:2015,kaggle
1497,31:08:2015,kaggle
1498,31:08:2015,kaggle
1499,31:08:2015,kaggle
1500,31:08:2015,kaggle
1501,31:08:2015,kaggle
1502,31:08:2015,kaggle
1503,31:08:2015,kaggle
1504,31:08:2015,kaggle
1505,31:08:2015,kaggle
1506,31:08:2015,kaggle
1507,31:08:2015,kaggle
1508,31:08:2015,kaggle
1509,31:08:2015,kaggle
1510,31:08:2015,kaggle
1511,31:08:2015,kaggle
1512,31:08:2015,kaggle
1513,31:08:2015,kaggle
1514,31:08:2015,kaggle
1515,31:08:2015,kaggle
1516,31:08:2015,kaggle
1517,31:08:2015,kaggle
1518,31:08:2015,kaggle
1519,31:08:2015,kaggle
1520,31:08:2015,kaggle
1521,31:08:2015,kaggle
1522,31:08:2015,kaggle
1523,31:08:2015,kaggle
1524,31:08:2015,kaggle
1525,31:08:2015,kaggle
1526,31:08:2015,kaggle
1527,31:08:2015,kaggle
1528,31:08:2015,kaggle
1529,31:08:2015,kaggle
1530,31:08:2015,kaggle
1531,31:08:2015,kaggle
1532,31:08:2015,kaggle
1533,31:08:2015,kaggle
1534,31:08:2015,kaggle
1535,31:08:2015,kaggle
1536,31:08:2015,kaggle
1537,31:08:2015,kaggle
1538,31:08:2015,kaggle
1539,31:08:2015,kaggle
1540,31:08:2015,kaggle
1541,31:08:2015,kaggle
1542,31:08:2015,kaggle
1543,31:08:2015,kaggle
1544,31:08:2015,kaggle
1545,31:08:2015,kaggle
1546,31:08:2015,kaggle
1547,31:08:2015,kaggle
1548,31:08:2015,kaggle
1549,31:08:2015,kaggle
1550,31:08:2015,kaggle
1551,31:08:2015,kaggle
1552,31:08:2015,kaggle
1553,31:08:2015,kaggle
1554,31:08:2015,kaggle
1555,31:08:2015,kaggle
1556,31:08:2015,kaggle
1557,31:08:2015,kaggle
1558,31:08:2015,kaggle
1559,31:08:2015,kaggle
1560,31:08:2015,kaggle
1561,31:08:2015,kaggle
1562,31:08:2015,kaggle
1563,31:08:2015,kaggle
1564,31:08:2015,kaggle
1565,31:08:2015,kaggle
1566,31:08:2015,kaggle
1567,31:08:2015,kaggle
1568,31:08:2015,kaggle
1569,31:08:2015,kaggle
1570,31:08:2015,kaggle
1571,31:08:2015,kaggle
1572,31:08:2015,kaggle
1573,31:08:2015,kaggle
1574,31:08:2015,kaggle
1575,31:08:2015,kaggle
1576,31:08:2015,kaggle
1577,31:08:2015,kaggle
1578,31:08:2015,kaggle
1579,31:08:2015,kaggle
1580,31:08:2015,kaggle
1581,31:08:2015,kaggle
1582,31:08:2015,kaggle
1583,31:08:2015,kaggle
1584,31:08:2015,kaggle
1585,31:08:2015,kaggle
1586,31:08:2015,kaggle
1587,31:08:2015,kaggle
1588,31:08:2015,kaggle
1589,31:08:2015,kaggle
1590,31:08:2015,kaggle
1591,31:08:2015,kaggle
1592,31:08:2015,kaggle
1593,31:08:2015,kaggle
1594,31:08:2015,kaggle
1595,31:08:2015,kaggle
1596,31:08:2015,kaggle
1597,31:08:2015,kaggle
1598,31:08:2015,kaggle
1599,31:08:2015,kaggle
1600,31:08:2015,kaggle
1601,31:08:2015,kaggle
1602,31:08:2015,kaggle
1603,31:08:2015,kaggle
1604,31:08:2015,kaggle
1605,31:08:2015,kaggle
1606,31:08:2015,kaggle
1607,31:08:2015,kaggle
1608,31:08:2015,kaggle
1609,31:08:2015,kaggle
1610,31:08:2015,kaggle
1611,31:08:2015,kaggle
1612,31:08:2015,kaggle
1613,31:08:2015,kaggle
1614,31:08:2015,kaggle
1615,31:08:2015,kaggle
1616,31:08:2015,kaggle
1617,31:08:2015,kaggle
1618,31:08:2015,kaggle
1619,31:08:2015,kaggle
1620,31:08:2015,kaggle
1621,31:08:2015,kaggle
1622,31:08:2015,kaggle
1623,31:08:2015,kaggle
1624,31:08:2015,kaggle
1625,31:08:2015,kaggle
1626,31:08:2015,kaggle
1627,31:08:2015,kaggle
1628,31:08:2015,kaggle
1629,31:08:2015,kaggle
1630,31:08:2015,kaggle
1631,31:08:2015,kaggle
1632,31:08:2015,kaggle
1633,31:08:2015,kaggle
1634,31:08:2015,kaggle
1635,31:08:2015,kaggle
1636,31:08:2015,kaggle
1637,31:08:2015,kaggle
1638,31:08:2015,kaggle
1639,31:08:2015,kaggle
1640,31:08:2015,kaggle
1641,31:08:2015,kaggle
1642,31:08:2015,kaggle
1643,31:08:2015,kaggle
1644,31:08:2015,kaggle
1645,31:08:2015,kaggle
1646,31:08:2015,kaggle
1647,31:08:2015,kaggle
1648,31:08:2015,kaggle
1649,31:08:2015,kaggle
1650,31:08:2015,kaggle
1651,31:08:2015,kaggle
1652,31:08:2015,kaggle
1653,31:08:2015,kaggle
1654,31:08:2015,kaggle
1655,31:08:2015,kaggle
1656,31:08:2015,kaggle
1657,31:08:2015,kaggle
1658,31:08:2015,kaggle
1659,31:08:2015,kaggle
1660,31:08:2015,kaggle
1661,31:08:2015,kaggle
1662,31:08:2015,kaggle
1663,31:08:2015,kaggle
1664,31:08:2015,kaggle
1665,31:08:2015,kaggle
1666,31:08:2015,kaggle
1667,31:08:2015,kaggle
1668,31:08:2015,kaggle
1669,31:08:2015,kaggle
1670,31:08:2015,kaggle
1671,31:08:2015,kaggle
1672,31:08:2015,kaggle
1673,31:08:2015,kaggle
1674,31:08:2015,kaggle
1675,31:08:2015,kaggle
1676,31:08:2015,kaggle
1677,31:08:2015,kaggle
1678,31:08:2015,kaggle
1679,31:08:2015,kaggle
1680,31:08:2015,kaggle
1681,31:08:2015,kaggle
1682,31:08:2015,kaggle
1683,31:08:2015,kaggle
1684,31:08:2015,kaggle
1685,31:08:2015,kaggle
1686,31:08:2015,kaggle
1687,31:08:2015,kaggle
1688,31:08:2015,kaggle
1689,31:08:2015,kaggle
1690,31:08:2015,kaggle
1691,31:08:2015,kaggle
1692,31:08:2015,kaggle
1693,31:08:2015,kaggle
1694,31:08:2015,kaggle
1695,31:08:2015,kaggle
1696,31:08:2015,kaggle
1697,31:08:2015,kaggle
1698,31:08:2015,kaggle
1699,31:08:2015,kaggle
1700,31:08:2015,kaggle
1701,31:08:2015,kaggle
1702,31:08:2015,kaggle
1703,31:08:2015,kaggle
1704,31:08:2015,kaggle
1705,31:08:2015,kaggle
1706,31:08:2015,kaggle
1707,31:08:2015,kaggle
1708,31:08:2015,kaggle
1709,31:08:2015,kaggle
1710,31:08:2015,kaggle
1711,31:08:2015,kaggle
1712,31:08:2015,kaggle
1713,31:08:2015,kaggle
1714,31:08:2015,kaggle
1715,31:08:2015,kaggle
1716,31:08:2015,kaggle
1717,31:08:2015,kaggle
1718,31:08:2015,kaggle
1719,31:08:2015,kaggle
1720,31:08:2015,kaggle
1721,31:08:2015,kaggle
1722,31:08:2015,kaggle
1723,31:08:2015,kaggle
1724,31:08:2015,kaggle
1725,31:08:2015,kaggle
1726,31:08:2015,kaggle
1727,31:08:2015,kaggle
1728,31:08:2015,kaggle
1729,31:08:2015,kaggle
1730,31:08:2015,kaggle
1731,31:08:2015,kaggle
1732,31:08:2015,kaggle
1733,31:08:2015,kaggle
1734,31:08:2015,kaggle
1735,31:08:2015,kaggle
1736,31:08:2015,kaggle
1737,31:08:2015,kaggle
1738,31:08:2015,kaggle
1739,31:08:2015,kaggle
1740,31:08:2015,kaggle
1741,31:08:2015,kaggle
1742,31:08:2015,kaggle
1743,31:08:2015,kaggle
1744,31:08:2015,kaggle
1745,31:08:2015,kaggle
1746,31:08:2015,kaggle
1747,31:08:2015,kaggle
1748,31:08:2015,kaggle
1749,31:08:2015,kaggle
1750,31:08:2015,kaggle
1751,31:08:2015,kaggle
1752,31:08:2015,kaggle
1753,31:08:2015,kaggle
1754,31:08:2015,kaggle
1755,31:08:2015,kaggle
1756,31:08:2015,kaggle
1757,31:08:2015,kaggle
1758,31:08:2015,kaggle
1759,31:08:2015,kaggle
1760,31:08:2015,kaggle
1761,31:08:2015,kaggle
1762,31:08:2015,kaggle
1763,31:08:2015,kaggle
1764,31:08:2015,kaggle
1765,31:08:2015,kaggle
1766,31:08:2015,kaggle
1767,31:08:2015,kaggle
1768,31:08:2015,kaggle
1769,31:08:2015,kaggle
1770,31:08:2015,kaggle
1771,31:08:2015,kaggle
1772,31:08:2015,kaggle
1773,31:08:2015,kaggle
1774,31:08:2015,kaggle
1775,31:08:2015,kaggle
1776,31:08:2015,kaggle
1777,31:08:2015,kaggle
1778,31:08:2015,kaggle
1779,31:08:2015,kaggle
1780,31:08:2015,kaggle
1781,31:08:2015,kaggle
1782,31:08:2015,kaggle
1783,31:08:2015,kaggle
1784,31:08:2015,kaggle
1785,31:08:2015,kaggle
1786,31:08:2015,kaggle
1787,31:08:2015,kaggle
1788,31:08:2015,kaggle
1789,31:08:2015,kaggle
1790,31:08:2015,kaggle
1791,31:08:2015,kaggle
1792,31:08:2015,kaggle
1793,31:08:2015,kaggle
1794,31:08:2015,kaggle
1795,31:08:2015,kaggle
1796,31:08:2015,kaggle
1797,31:08:2015,kaggle
1798,31:08:2015,kaggle
1799,31:08:2015,kaggle
1800,31:08:2015,kaggle
1801,31:08:2015,kaggle
1802,31:08:2015,kaggle
1803,31:08:2015,kaggle
1804,31:08:2015,kaggle
1805,31:08:2015,kaggle
1806,31:08:2015,kaggle
1807,31:08:2015,kaggle
1808,31:08:2015,kaggle
1809,31:08:2015,kaggle
1810,31:08:2015,kaggle
1811,31:08:2015,kaggle
1812,31:08:2015,kaggle
1813,31:08:2015,kaggle
1814,31:08:2015,kaggle
1815,31:08:2015,kaggle
1816,31:08:2015,kaggle
1817,31:08:2015,kaggle
1818,31:08:2015,kaggle
1819,31:08:2015,kaggle
1820,31:08:2015,kaggle
1821,31:08:2015,kaggle
1822,31:08:2015,kaggle
1823,31:08:2015,kaggle
1824,31:08:2015,kaggle
1825,31:08:2015,kaggle
1826,31:08:2015,kaggle
1827,31:08:2015,kaggle
1828,31:08:2015,kaggle
1829,31:08:2015,kaggle
1830,31:08:2015,kaggle
1831,31:08:2015,kaggle
1832,31:08:2015,kaggle
1833,31:08:2015,kaggle
1834,31:08:2015,kaggle
1835,31:08:2015,kaggle
1836,31:08:2015,kaggle
1837,31:08:2015,kaggle
1838,31:08:2015,kaggle
1839,31:08:2015,kaggle
1840,31:08:2015,kaggle
1841,31:08:2015,kaggle
1842,31:08:2015,kaggle
1843,31:08:2015,kaggle
1844,31:08:2015,kaggle
1845,31:08:2015,kaggle
1846,31:08:2015,kaggle
1847,31:08:2015,kaggle
1848,31:08:2015,kaggle
1849,31:08:2015,kaggle
1850,31:08:2015,kaggle
1851,31:08:2015,kaggle
1852,31:08:2015,kaggle
1853,31:08:2015,kaggle
1854,31:08:2015,kaggle
1855,31:08:2015,kaggle
1856,31:08:2015,kaggle
1857,31:08:2015,kaggle
1858,31:08:2015,kaggle
1859,31:08:2015,kaggle
1860,31:08:2015,kaggle
1861,31:08:2015,kaggle
1862,31:08:2015,kaggle
1863,31:08:2015,kaggle
1864,31:08:2015,kaggle
1865,31:08:2015,kaggle
1866,31:08:2015,kaggle
1867,31:08:2015,kaggle
1868,31:08:2015,kaggle
1869,31:08:2015,kaggle
1870,31:08:2015,kaggle
1871,31:08:2015,kaggle
1872,31:08:2015,kaggle
1873,31:08:2015,kaggle
1874,31:08:2015,kaggle
1875,31:08:2015,kaggle
1876,31:08:2015,kaggle
1877,31:08:2015,kaggle
1878,31:08:2015,kaggle
1879,31:08:2015,kaggle
1880,31:08:2015,kaggle
1881,31:08:2015,kaggle
1882,31:08:2015,kaggle
1883,31:08:2015,kaggle
1884,31:08:2015,kaggle
1885,31:08:2015,kaggle
1886,31:08:2015,kaggle
1887,31:08:2015,kaggle
1888,31:08:2015,kaggle
1889,31:08:2015,kaggle
1890,31:08:2015,kaggle
1891,31:08:2015,kaggle
1892,31:08:2015,kaggle
1893,31:08:2015,kaggle
1894,31:08:2015,kaggle
1895,31:08:2015,kaggle
1896,31:08:2015,kaggle
1897,31:08:2015,kaggle
1898,31:08:2015,kaggle
1899,31:08:2015,kaggle
1900,31:08:2015,kaggle
1901,31:08:2015,kaggle
1902,31:08:2015,kaggle
1903,31:08:2015,kaggle
1904,31:08:2015,kaggle
1905,31:08:2015,kaggle
1906,31:08:2015,kaggle
1907,31:08:2015,kaggle
1908,31:08:2015,kaggle
1909,31:08:2015,kaggle
1910,31:08:2015,kaggle
1911,31:08:2015,kaggle
1912,31:08:2015,kaggle
1913,31:08:2015,kaggle
1914,31:08:2015,kaggle
1915,31:08:2015,kaggle
1916,31:08:2015,kaggle
1917,31:08:2015,kaggle
1918,31:08:2015,kaggle
1919,31:08:2015,kaggle
1920,31:08:2015,kaggle
1921,31:08:2015,kaggle
1922,31:08:2015,kaggle
1923,31:08:2015,kaggle
1924,31:08:2015,kaggle
1925,31:08:2015,kaggle
1926,31:08:2015,kaggle
1927,31:08:2015,kaggle
1928,31:08:2015,kaggle
1929,31:08:2015,kaggle
1930,31:08:2015,kaggle
1931,31:08:2015,kaggle
1932,31:08:2015,kaggle
1933,31:08:2015,kaggle
1934,31:08:2015,kaggle
1935,31:08:2015,kaggle
1936,31:08:2015,kaggle
1937,31:08:2015,kaggle
1938,31:08:2015,kaggle
1939,31:08:2015,kaggle
1940,31:08:2015,kaggle
1941,31:08:2015,kaggle
1942,31:08:2015,kaggle
1943,31:08:2015,kaggle
1944,31:08:2015,kaggle
1945,31:08:2015,kaggle
1946,31:08:2015,kaggle
1947,31:08:2015,kaggle
1948,31:08:2015,kaggle
1949,31:08:2015,kaggle
1950,31:08:2015,kaggle
1951,31:08:2015,kaggle
1952,31:08:2015,kaggle
1953,31:08:2015,kaggle
1954,31:08:2015,kaggle
1955,31:08:2015,kaggle
1956,31:08:2015,kaggle
1957,31:08:2015,kaggle
1958,31:08:2015,kaggle
1959,31:08:2015,kaggle
1960,31:08:2015,kaggle
1961,31:08:2015,kaggle
1962,31:08:2015,kaggle
1963,31:08:2015,kaggle
1964,31:08:2015,kaggle
1965,31:08:2015,kaggle
1966,31:08:2015,kaggle
1967,31:08:2015,kaggle
1968,31:08:2015,kaggle
1969,31:08:2015,kaggle
1970,31:08:2015,kaggle
1971,31:08:2015,kaggle
1972,31:08:2015,kaggle
1973,31:08:2015,kaggle
1974,31:08:2015,kaggle
1975,31:08:2015,kaggle
1976,31:08:2015,kaggle
1977,31:08:2015,kaggle
1978,31:08:2015,kaggle
1979,31:08:2015,kaggle
1980,31:08:2015,kaggle
1981,31:08:2015,kaggle
1982,31:08:2015,kaggle
1983,31:08:2015,kaggle
1984,31:08:2015,kaggle
1985,31:08:2015,kaggle
1986,31:08:2015,kaggle
1987,31:08:2015,kaggle
1988,31:08:2015,kaggle
1989,31:08:2015,kaggle
1990,31:08:2015,kaggle
1991,31:08:2015,kaggle
1992,31:08:2015,kaggle
1993,31:08:2015,kaggle
1994,31:08:2015,kaggle
1995,31:08:2015,kaggle
1996,31:08:2015,kaggle
1997,31:08:2015,kaggle
1998,31:08:2015,kaggle
1999,31:08:2015,kaggle
2000,31:08:2015,kaggle
2001,31:08:2015,kaggle
2002,31:08:2015,kaggle
2003,31:08:2015,kaggle
2004,31:08:2015,kaggle
2005,31:08:2015,kaggle
2006,31:08:2015,kaggle
2007,31:08:2015,kaggle
2008,31:08:2015,kaggle
2009,31:08:2015,kaggle
2010,31:08:2015,kaggle
2011,31:08:2015,kaggle
2012,31:08:2015,kaggle
2013,31:08:2015,kaggle
2014,31:08:2015,kaggle
2015,31:08:2015,kaggle
2016,31:08:2015,kaggle
2017,31:08:2015,kaggle
2018,31:08:2015,kaggle
2019,31:08:2015,kaggle
2020,31:08:2015,kaggle
2021,31:08:2015,kaggle
2022,31:08:2015,kaggle
2023,31:08:2015,kaggle
2024,31:08:2015,kaggle
2025,31:08:2015,kaggle
2026,31:08:2015,kaggle
2027,31:08:2015,kaggle
2028,31:08:2015,kaggle
2029,31:08:2015,kaggle
2030,31:08:2015,kaggle
2031,31:08:2015,kaggle
2032,31:08:2015,kaggle
2033,31:08:2015,kaggle
2034,31:08:2015,kaggle
2035,31:08:2015,kaggle
2036,31:08:2015,kaggle
2037,31:08:2015,kaggle
2038,31:08:2015,kaggle
2039,31:08:2015,kaggle
2040,31:08:2015,kaggle
2041,31:08:2015,kaggle
2042,31:08:2015,kaggle
2043,31:08:2015,kaggle
2044,31:08:2015,kaggle
2045,31:08:2015,kaggle
2046,31:08:2015,kaggle
2047,31:08:2015,kaggle
2048,31:08:2015,kaggle
2049,31:08:2015,kaggle
2050,31:08:2015,kaggle
2051,31:08:2015,kaggle
2052,31:08:2015,kaggle
2053,31:08:2015,kaggle
2054,31:08:2015,kaggle
2055,31:08:2015,kaggle
2056,31:08:2015,kaggle
2057,31:08:2015,kaggle
2058,31:08:2015,kaggle
2059,31:08:2015,kaggle
2060,31:08:2015,kaggle
2061,31:08:2015,kaggle
2062,31:08:2015,kaggle
2063,31:08:2015,kaggle
2064,31:08:2015,kaggle
2065,31:08:2015,kaggle
2066,31:08:2015,kaggle
2067,31:08:2015,kaggle
2068,31:08:2015,kaggle
2069,31:08:2015,kaggle
2070,31:08:2015,kaggle
2071,31:08:2015,kaggle
2072,31:08:2015,kaggle
2073,31:08:2015,kaggle
2074,31:08:2015,kaggle
2075,31:08:2015,kaggle
2076,31:08:2015,kaggle
2077,31:08:2015,kaggle
2078,31:08:2015,kaggle
2079,31:08:2015,kaggle
2080,31:08:2015,kaggle
2081,31:08:2015,kaggle
2082,31:08:2015,kaggle
2083,31:08:2015,kaggle
2084,31:08:2015,kaggle
2085,31:08:2015,kaggle
2086,31:08:2015,kaggle
2087,31:08:2015,kaggle
2088,31:08:2015,kaggle
2089,31:08:2015,kaggle
2090,31:08:2015,kaggle
2091,31:08:2015,kaggle
2092,31:08:2015,kaggle
2093,31:08:2015,kaggle
2094,31:08:2015,kaggle
2095,31:08:2015,kaggle
2096,31:08:2015,kaggle
2097,31:08:2015,kaggle
2098,31:08:2015,kaggle
2099,31:08:2015,kaggle
2100,31:08:2015,kaggle
2101,31:08:2015,kaggle
2102,31:08:2015,kaggle
2103,31:08:2015,kaggle
2104,31:08:2015,kaggle
2105,31:08:2015,kaggle
2106,31:08:2015,kaggle
2107,31:08:2015,kaggle
2108,31:08:2015,kaggle
2109,31:08:2015,kaggle
2110,31:08:2015,kaggle
2111,31:08:2015,kaggle
2112,31:08:2015,kaggle
2113,31:08:2015,kaggle
2114,31:08:2015,kaggle
2115,31:08:2015,kaggle
2116,31:08:2015,kaggle
2117,31:08:2015,kaggle
2118,31:08:2015,kaggle
2119,31:08:2015,kaggle
2120,31:08:2015,kaggle
2121,31:08:2015,kaggle
2122,31:08:2015,kaggle
2123,31:08:2015,kaggle
2124,31:08:2015,kaggle
2125,31:08:2015,kaggle
2126,31:08:2015,kaggle
2127,31:08:2015,kaggle
2128,31:08:2015,kaggle
2129,31:08:2015,kaggle
2130,31:08:2015,kaggle
2131,31:08:2015,kaggle
2132,31:08:2015,kaggle
2133,31:08:2015,kaggle
2134,31:08:2015,kaggle
2135,31:08:2015,kaggle
2136,31:08:2015,kaggle
2137,31:08:2015,kaggle
2138,31:08:2015,kaggle
2139,31:08:2015,kaggle
2140,31:08:2015,kaggle
2141,31:08:2015,kaggle
2142,31:08:2015,kaggle
2143,31:08:2015,kaggle
2144,31:08:2015,kaggle
2145,31:08:2015,kaggle
2146,31:08:2015,kaggle
2147,31:08:2015,kaggle
2148,31:08:2015,kaggle
2149,31:08:2015,kaggle
2150,31:08:2015,kaggle
2151,31:08:2015,kaggle
2152,31:08:2015,kaggle
2153,31:08:2015,kaggle
2154,31:08:2015,kaggle
2155,31:08:2015,kaggle
2156,31:08:2015,kaggle
2157,31:08:2015,kaggle
2158,31:08:2015,kaggle
2159,31:08:2015,kaggle
2160,31:08:2015,kaggle
2161,31:08:2015,kaggle
2162,31:08:2015,kaggle
2163,31:08:2015,kaggle
2164,31:08:2015,kaggle
2165,31:08:2015,kaggle
2166,31:08:2015,kaggle
2167,31:08:2015,kaggle
2168,31:08:2015,kaggle
2169,31:08:2015,kaggle
2170,31:08:2015,kaggle
2171,31:08:2015,kaggle
2172,31:08:2015,kaggle
2173,31:08:2015,kaggle
2174,31:08:2015,kaggle
2175,31:08:2015,kaggle
2176,31:08:2015,kaggle
2177,31:08:2015,kaggle
2178,31:08:2015,kaggle
2179,31:08:2015,kaggle
2180,31:08:2015,kaggle
2181,31:08:2015,kaggle
2182,31:08:2015,kaggle
2183,31:08:2015,kaggle
2184,31:08:2015,kaggle
2185,31:08:2015,kaggle
2186,31:08:2015,kaggle
2187,31:08:2015,kaggle
2188,31:08:2015,kaggle
2189,31:08:2015,kaggle
2190,31:08:2015,kaggle
2191,31:08:2015,kaggle
2192,31:08:2015,kaggle
2193,31:08:2015,kaggle
2194,31:08:2015,kaggle
2195,31:08:2015,kaggle
2196,31:08:2015,kaggle
2197,31:08:2015,kaggle
2198,31:08:2015,kaggle
2199,31:08:2015,kaggle
2200,31:08:2015,kaggle
2201,31:08:2015,kaggle
2202,31:08:2015,kaggle
2203,31:08:2015,kaggle
2204,31:08:2015,kaggle
2205,31:08:2015,kaggle
2206,31:08:2015,kaggle
2207,31:08:2015,kaggle
2208,31:08:2015,kaggle
2209,31:08:2015,kaggle
2210,31:08:2015,kaggle
2211,31:08:2015,kaggle
2212,31:08:2015,kaggle
2213,31:08:2015,kaggle
2214,31:08:2015,kaggle
2215,31:08:2015,kaggle
2216,31:08:2015,kaggle
2217,31:08:2015,kaggle
2218,31:08:2015,kaggle
2219,31:08:2015,kaggle
2220,31:08:2015,kaggle
2221,31:08:2015,kaggle
2222,31:08:2015,kaggle
2223,31:08:2015,kaggle
2224,31:08:2015,kaggle
2225,31:08:2015,kaggle
2226,31:08:2015,kaggle
2227,31:08:2015,kaggle
2228,31:08:2015,kaggle
2229,31:08:2015,kaggle
2230,31:08:2015,kaggle
2231,31:08:2015,kaggle
2232,31:08:2015,kaggle
2233,31:08:2015,kaggle
2234,31:08:2015,kaggle
2235,31:08:2015,kaggle
2236,31:08:2015,kaggle
2237,31:08:2015,kaggle
2238,31:08:2015,kaggle
2239,31:08:2015,kaggle
2240,31:08:2015,kaggle
2241,31:08:2015,kaggle
2242,31:08:2015,kaggle
2243,31:08:2015,kaggle
2244,31:08:2015,kaggle
2245,31:08:2015,kaggle
2246,31:08:2015,kaggle
2247,31:08:2015,kaggle
2248,31:08:2015,kaggle
2249,31:08:2015,kaggle
2250,31:08:2015,kaggle
2251,31:08:2015,kaggle
2252,31:08:2015,kaggle
2253,31:08:2015,kaggle
2254,31:08:2015,kaggle
2255,31:08:2015,kaggle
2256,31:08:2015,kaggle
2257,31:08:2015,kaggle
2258,31:08:2015,kaggle
2259,31:08:2015,kaggle
2260,31:08:2015,kaggle
2261,31:08:2015,kaggle
2262,31:08:2015,kaggle
2263,31:08:2015,kaggle
2264,31:08:2015,kaggle
2265,31:08:2015,kaggle
2266,31:08:2015,kaggle
2267,31:08:2015,kaggle
2268,31:08:2015,kaggle
2269,31:08:2015,kaggle
2270,31:08:2015,kaggle
2271,31:08:2015,kaggle
2272,31:08:2015,kaggle
2273,31:08:2015,kaggle
2274,31:08:2015,kaggle
2275,31:08:2015,kaggle
2276,31:08:2015,kaggle
2277,31:08:2015,kaggle
2278,31:08:2015,kaggle
2279,31:08:2015,kaggle
2280,31:08:2015,kaggle
2281,31:08:2015,kaggle
2282,31:08:2015,kaggle
2283,31:08:2015,kaggle
2284,31:08:2015,kaggle
2285,31:08:2015,kaggle
2286,31:08:2015,kaggle
2287,31:08:2015,kaggle
2288,31:08:2015,kaggle
2289,31:08:2015,kaggle
2290,31:08:2015,kaggle
2291,31:08:2015,kaggle
2292,31:08:2015,kaggle
2293,31:08:2015,kaggle
2294,31:08:2015,kaggle
2295,31:08:2015,kaggle
2296,31:08:2015,kaggle
2297,31:08:2015,kaggle
2298,31:08:2015,kaggle
2299,31:08:2015,kaggle
2300,31:08:2015,kaggle
2301,31:08:2015,kaggle
2302,31:08:2015,kaggle
2303,31:08:2015,kaggle
2304,31:08:2015,kaggle
2305,31:08:2015,kaggle
2306,31:08:2015,kaggle
2307,31:08:2015,kaggle
2308,31:08:2015,kaggle
2309,31:08:2015,kaggle
2310,31:08:2015,kaggle
2311,31:08:2015,kaggle
2312,31:08:2015,kaggle
2313,31:08:2015,kaggle
2314,31:08:2015,kaggle
2315,31:08:2015,kaggle
2316,31:08:2015,kaggle
2317,31:08:2015,kaggle
2318,31:08:2015,kaggle
2319,31:08:2015,kaggle
2320,31:08:2015,kaggle
2321,31:08:2015,kaggle
2322,31:08:2015,kaggle
2323,31:08:2015,kaggle
2324,31:08:2015,kaggle
2325,31:08:2015,kaggle
2326,31:08:2015,kaggle
2327,31:08:2015,kaggle
2328,31:08:2015,kaggle
2329,31:08:2015,kaggle
2330,31:08:2015,kaggle
2331,31:08:2015,kaggle
2332,31:08:2015,kaggle
2333,31:08:2015,kaggle
2334,31:08:2015,kaggle
2335,31:08:2015,kaggle
2336,31:08:2015,kaggle
2337,31:08:2015,kaggle
2338,31:08:2015,kaggle
2339,31:08:2015,kaggle
2340,31:08:2015,kaggle
2341,31:08:2015,kaggle
2342,31:08:2015,kaggle
2343,31:08:2015,kaggle
2344,31:08:2015,kaggle
2345,31:08:2015,kaggle
2346,31:08:2015,kaggle
2347,31:08:2015,kaggle
2348,31:08:2015,kaggle
2349,31:08:2015,kaggle
2350,31:08:2015,kaggle
2351,31:08:2015,kaggle
2352,31:08:2015,kaggle
2353,31:08:2015,kaggle
2354,31:08:2015,kaggle
2355,31:08:2015,kaggle
2356,31:08:2015,kaggle
2357,31:08:2015,kaggle
2358,31:08:2015,kaggle
2359,31:08:2015,kaggle
2360,31:08:2015,kaggle
2361,31:08:2015,kaggle
2362,31:08:2015,kaggle
2363,31:08:2015,kaggle
2364,31:08:2015,kaggle
2365,31:08:2015,kaggle
2366,31:08:2015,kaggle
2367,31:08:2015,kaggle
2368,31:08:2015,kaggle
2369,31:08:2015,kaggle
2370,31:08:2015,kaggle
2371,31:08:2015,kaggle
2372,31:08:2015,kaggle
2373,31:08:2015,kaggle
2374,31:08:2015,kaggle
2375,31:08:2015,kaggle
2376,31:08:2015,kaggle
2377,31:08:2015,kaggle
2378,31:08:2015,kaggle
2379,31:08:2015,kaggle
2380,31:08:2015,kaggle
2381,31:08:2015,kaggle
2382,31:08:2015,kaggle
2383,31:08:2015,kaggle
2384,31:08:2015,kaggle
2385,31:08:2015,kaggle
2386,31:08:2015,kaggle
2387,31:08:2015,kaggle
2388,31:08:2015,kaggle
2389,31:08:2015,kaggle
2390,31:08:2015,kaggle
2391,31:08:2015,kaggle
2392,31:08:2015,kaggle
2393,31:08:2015,kaggle
2394,31:08:2015,kaggle
2395,31:08:2015,kaggle
2396,31:08:2015,kaggle
2397,31:08:2015,kaggle
2398,31:08:2015,kaggle
2399,31:08:2015,kaggle
2400,31:08:2015,kaggle
2401,31:08:2015,kaggle
2402,31:08:2015,kaggle
2403,31:08:2015,kaggle
2404,31:08:2015,kaggle
2405,31:08:2015,kaggle
2406,31:08:2015,kaggle
2407,31:08:2015,kaggle
2408,31:08:2015,kaggle
2409,31:08:2015,kaggle
2410,31:08:2015,kaggle
2411,31:08:2015,kaggle
2412,31:08:2015,kaggle
2413,31:08:2015,kaggle
2414,31:08:2015,kaggle
2415,31:08:2015,kaggle
2416,31:08:2015,kaggle
2417,31:08:2015,kaggle
2418,31:08:2015,kaggle
2419,31:08:2015,kaggle
2420,31:08:2015,kaggle
2421,31:08:2015,kaggle
2422,31:08:2015,kaggle
2423,31:08:2015,kaggle
2424,31:08:2015,kaggle
2425,31:08:2015,kaggle
2426,31:08:2015,kaggle
2427,31:08:2015,kaggle
2428,31:08:2015,kaggle
2429,31:08:2015,kaggle
2430,31:08:2015,kaggle
2431,31:08:2015,kaggle
2432,31:08:2015,kaggle
2433,31:08:2015,kaggle
2434,31:08:2015,kaggle
2435,31:08:2015,kaggle
2436,31:08:2015,kaggle
2437,31:08:2015,kaggle
2438,31:08:2015,kaggle
2439,31:08:2015,kaggle
2440,31:08:2015,kaggle
2441,31:08:2015,kaggle
2442,31:08:2015,kaggle
2443,31:08:2015,kaggle
2444,31:08:2015,kaggle
2445,31:08:2015,kaggle
2446,31:08:2015,kaggle
2447,31:08:2015,kaggle
2448,31:08:2015,kaggle
2449,31:08:2015,kaggle
2450,31:08:2015,kaggle
2451,31:08:2015,kaggle
2452,31:08:2015,kaggle
2453,31:08:2015,kaggle
2454,31:08:2015,kaggle
2455,31:08:2015,kaggle
2456,31:08:2015,kaggle
2457,31:08:2015,kaggle
2458,31:08:2015,kaggle
2459,31:08:2015,kaggle
2460,31:08:2015,kaggle
2461,31:08:2015,kaggle
2462,31:08:2015,kaggle
2463,31:08:2015,kaggle
2464,31:08:2015,kaggle
2465,31:08:2015,kaggle
2466,31:08:2015,kaggle
2467,31:08:2015,kaggle
2468,31:08:2015,kaggle
2469,31:08:2015,kaggle
2470,31:08:2015,kaggle
2471,31:08:2015,kaggle
2472,31:08:2015,kaggle
2473,31:08:2015,kaggle
2474,31:08:2015,kaggle
2475,31:08:2015,kaggle
2476,31:08:2015,kaggle
2477,31:08:2015,kaggle
2478,31:08:2015,kaggle
2479,31:08:2015,kaggle
2480,31:08:2015,kaggle
2481,31:08:2015,kaggle
2482,31:08:2015,kaggle
2483,31:08:2015,kaggle
2484,31:08:2015,kaggle
2485,31:08:2015,kaggle
2486,31:08:2015,kaggle
2487,31:08:2015,kaggle
2488,31:08:2015,kaggle
2489,31:08:2015,kaggle
2490,31:08:2015,kaggle
2491,31:08:2015,kaggle
2492,31:08:2015,kaggle
2493,31:08:2015,kaggle
2494,31:08:2015,kaggle
2495,31:08:2015,kaggle
2496,31:08:2015,kaggle
2497,31:08:2015,kaggle
2498,31:08:2015,kaggle
2499,31:08:2015,kaggle
2500,31:08:2015,kaggle
2501,31:08:2015,kaggle
2502,31:08:2015,kaggle
2503,31:08:2015,kaggle
2504,31:08:2015,kaggle
2505,31:08:2015,kaggle
2506,31:08:2015,kaggle
2507,31:08:2015,kaggle
2508,31:08:2015,kaggle
2509,31:08:2015,kaggle
2510,31:08:2015,kaggle
2511,31:08:2015,kaggle
2512,31:08:2015,kaggle
2513,31:08:2015,kaggle
2514,31:08:2015,kaggle
2515,31:08:2015,kaggle
2516,31:08:2015,kaggle
2517,31:08:2015,kaggle
2518,31:08:2015,kaggle
2519,31:08:2015,kaggle
2520,31:08:2015,kaggle
2521,31:08:2015,kaggle
2522,31:08:2015,kaggle
2523,31:08:2015,kaggle
2524,31:08:2015,kaggle
2525,31:08:2015,kaggle
2526,31:08:2015,kaggle
2527,31:08:2015,kaggle
2528,31:08:2015,kaggle
2529,31:08:2015,kaggle
2530,31:08:2015,kaggle
2531,31:08:2015,kaggle
2532,31:08:2015,kaggle
2533,31:08:2015,kaggle
2534,31:08:2015,kaggle
2535,31:08:2015,kaggle
2536,31:08:2015,kaggle
2537,31:08:2015,kaggle
2538,31:08:2015,kaggle
2539,31:08:2015,kaggle
2540,31:08:2015,kaggle
2541,31:08:2015,kaggle
2542,31:08:2015,kaggle
2543,31:08:2015,kaggle
2544,31:08:2015,kaggle
2545,31:08:2015,kaggle
2546,31:08:2015,kaggle
2547,31:08:2015,kaggle
2548,31:08:2015,kaggle
2549,31:08:2015,kaggle
2550,31:08:2015,kaggle
2551,31:08:2015,kaggle
2552,31:08:2015,kaggle
2553,31:08:2015,kaggle
2554,31:08:2015,kaggle
2555,31:08:2015,kaggle
2556,31:08:2015,kaggle
2557,31:08:2015,kaggle
2558,31:08:2015,kaggle
2559,31:08:2015,kaggle
2560,31:08:2015,kaggle
2561,31:08:2015,kaggle
2562,31:08:2015,kaggle
2563,31:08:2015,kaggle
2564,31:08:2015,kaggle
2565,31:08:2015,kaggle
2566,31:08:2015,kaggle
2567,31:08:2015,kaggle
2568,31:08:2015,kaggle
2569,31:08:2015,kaggle
2570,31:08:2015,kaggle
2571,31:08:2015,kaggle
2572,31:08:2015,kaggle
2573,31:08:2015,kaggle
2574,31:08:2015,kaggle
2575,31:08:2015,kaggle
2576,31:08:2015,kaggle
2577,31:08:2015,kaggle
2578,31:08:2015,kaggle
2579,31:08:2015,kaggle
2580,31:08:2015,kaggle
2581,31:08:2015,kaggle
2582,31:08:2015,kaggle
2583,31:08:2015,kaggle
2584,31:08:2015,kaggle
2585,31:08:2015,kaggle
2586,31:08:2015,kaggle
2587,31:08:2015,kaggle
2588,31:08:2015,kaggle
2589,31:08:2015,kaggle
2590,31:08:2015,kaggle
2591,31:08:2015,kaggle
2592,31:08:2015,kaggle
2593,31:08:2015,kaggle
2594,31:08:2015,kaggle
2595,31:08:2015,kaggle
2596,31:08:2015,kaggle
2597,31:08:2015,kaggle
2598,31:08:2015,kaggle
2599,31:08:2015,kaggle
2600,31:08:2015,kaggle
2601,31:08:2015,kaggle
2602,31:08:2015,kaggle
2603,31:08:2015,kaggle
2604,31:08:2015,kaggle
2605,31:08:2015,kaggle
2606,31:08:2015,kaggle
2607,31:08:2015,kaggle
2608,31:08:2015,kaggle
2609,31:08:2015,kaggle
2610,31:08:2015,kaggle
2611,31:08:2015,kaggle
2612,31:08:2015,kaggle
2613,31:08:2015,kaggle
2614,31:08:2015,kaggle
2615,31:08:2015,kaggle
2616,31:08:2015,kaggle
2617,31:08:2015,kaggle
2618,31:08:2015,kaggle
2619,31:08:2015,kaggle
2620,31:08:2015,kaggle
2621,31:08:2015,kaggle
2622,31:08:2015,kaggle
2623,31:08:2015,kaggle
2624,31:08:2015,kaggle
2625,31:08:2015,kaggle
2626,31:08:2015,kaggle
2627,31:08:2015,kaggle
2628,31:08:2015,kaggle
2629,31:08:2015,kaggle
2630,31:08:2015,kaggle
2631,31:08:2015,kaggle
2632,31:08:2015,kaggle
2633,31:08:2015,kaggle
2634,31:08:2015,kaggle
2635,31:08:2015,kaggle
2636,31:08:2015,kaggle
2637,31:08:2015,kaggle
2638,31:08:2015,kaggle
2639,31:08:2015,kaggle
2640,31:08:2015,kaggle
2641,31:08:2015,kaggle
2642,31:08:2015,kaggle
2643,31:08:2015,kaggle
2644,31:08:2015,kaggle
2645,31:08:2015,kaggle
2646,31:08:2015,kaggle
2647,31:08:2015,kaggle
2648,31:08:2015,kaggle
2649,31:08:2015,kaggle
2650,31:08:2015,kaggle
2651,31:08:2015,kaggle
2652,31:08:2015,kaggle
2653,31:08:2015,kaggle
2654,31:08:2015,kaggle
2655,31:08:2015,kaggle
2656,31:08:2015,kaggle
2657,31:08:2015,kaggle
2658,31:08:2015,kaggle
2659,31:08:2015,kaggle
2660,31:08:2015,kaggle
2661,31:08:2015,kaggle
2662,31:08:2015,kaggle
2663,31:08:2015,kaggle
2664,31:08:2015,kaggle
2665,31:08:2015,kaggle
2666,31:08:2015,kaggle
2667,31:08:2015,kaggle
2668,31:08:2015,kaggle
2669,31:08:2015,kaggle
2670,31:08:2015,kaggle
2671,31:08:2015,kaggle
2672,31:08:2015,kaggle
2673,31:08:2015,kaggle
2674,31:08:2015,kaggle
2675,31:08:2015,kaggle
2676,31:08:2015,kaggle
2677,31:08:2015,kaggle
2678,31:08:2015,kaggle
2679,31:08:2015,kaggle
2680,31:08:2015,kaggle
2681,31:08:2015,kaggle
2682,31:08:2015,kaggle
2683,31:08:2015,kaggle
2684,31:08:2015,kaggle
2685,31:08:2015,kaggle
2686,31:08:2015,kaggle
2687,31:08:2015,kaggle
2688,31:08:2015,kaggle
2689,31:08:2015,kaggle
2690,31:08:2015,kaggle
2691,31:08:2015,kaggle
2692,31:08:2015,kaggle
2693,31:08:2015,kaggle
2694,31:08:2015,kaggle
2695,31:08:2015,kaggle
2696,31:08:2015,kaggle
2697,31:08:2015,kaggle
2698,31:08:2015,kaggle
2699,31:08:2015,kaggle
2700,31:08:2015,kaggle
2701,31:08:2015,kaggle
2702,31:08:2015,kaggle
2703,31:08:2015,kaggle
2704,31:08:2015,kaggle
2705,31:08:2015,kaggle
2706,31:08:2015,kaggle
2707,31:08:2015,kaggle
2708,31:08:2015,kaggle
2709,31:08:2015,kaggle
2710,31:08:2015,kaggle
2711,31:08:2015,kaggle
2712,31:08:2015,kaggle
2713,31:08:2015,kaggle
2714,31:08:2015,kaggle
2715,31:08:2015,kaggle
2716,31:08:2015,kaggle
2717,31:08:2015,kaggle
2718,31:08:2015,kaggle
2719,31:08:2015,kaggle
2720,31:08:2015,kaggle
2721,31:08:2015,kaggle
2722,31:08:2015,kaggle
2723,31:08:2015,kaggle
2724,31:08:2015,kaggle
2725,31:08:2015,kaggle
2726,31:08:2015,kaggle
2727,31:08:2015,kaggle
2728,31:08:2015,kaggle
2729,31:08:2015,kaggle
2730,31:08:2015,kaggle
2731,31:08:2015,kaggle
2732,31:08:2015,kaggle
2733,31:08:2015,kaggle
2734,31:08:2015,kaggle
2735,31:08:2015,kaggle
2736,31:08:2015,kaggle
2737,31:08:2015,kaggle
2738,31:08:2015,kaggle
2739,31:08:2015,kaggle
2740,31:08:2015,kaggle
2741,31:08:2015,kaggle
2742,31:08:2015,kaggle
2743,31:08:2015,kaggle
2744,31:08:2015,kaggle
2745,31:08:2015,kaggle
2746,31:08:2015,kaggle
2747,31:08:2015,kaggle
2748,31:08:2015,kaggle
2749,31:08:2015,kaggle
2750,31:08:2015,kaggle
2751,31:08:2015,kaggle
2752,31:08:2015,kaggle
2753,31:08:2015,kaggle
2754,31:08:2015,kaggle
2755,31:08:2015,kaggle
2756,31:08:2015,kaggle
2757,31:08:2015,kaggle
2758,31:08:2015,kaggle
2759,31:08:2015,kaggle
2760,31:08:2015,kaggle
2761,31:08:2015,kaggle
2762,31:08:2015,kaggle
2763,31:08:2015,kaggle
2764,31:08:2015,kaggle
2765,31:08:2015,kaggle
2766,31:08:2015,kaggle
2767,31:08:2015,kaggle
2768,31:08:2015,kaggle
2769,31:08:2015,kaggle
2770,31:08:2015,kaggle
2771,31:08:2015,kaggle
2772,31:08:2015,kaggle
2773,31:08:2015,kaggle
2774,31:08:2015,kaggle
2775,31:08:2015,kaggle
2776,31:08:2015,kaggle
2777,31:08:2015,kaggle
2778,31:08:2015,kaggle
2779,31:08:2015,kaggle
2780,31:08:2015,kaggle
2781,31:08:2015,kaggle
2782,31:08:2015,kaggle
2783,31:08:2015,kaggle
2784,31:08:2015,kaggle
2785,31:08:2015,kaggle
2786,31:08:2015,kaggle
2787,31:08:2015,kaggle
2788,31:08:2015,kaggle
2789,31:08:2015,kaggle
2790,31:08:2015,kaggle
2791,31:08:2015,kaggle
2792,31:08:2015,kaggle
2793,31:08:2015,kaggle
2794,31:08:2015,kaggle
2795,31:08:2015,kaggle
2796,31:08:2015,kaggle
2797,31:08:2015,kaggle
2798,31:08:2015,kaggle
2799,31:08:2015,kaggle
2800,31:08:2015,kaggle
2801,31:08:2015,kaggle
2802,31:08:2015,kaggle
2803,31:08:2015,kaggle
2804,31:08:2015,kaggle
2805,31:08:2015,kaggle
2806,31:08:2015,kaggle
2807,31:08:2015,kaggle
2808,31:08:2015,kaggle
2809,31:08:2015,kaggle
2810,31:08:2015,kaggle
2811,31:08:2015,kaggle
2812,31:08:2015,kaggle
2813,31:08:2015,kaggle
2814,31:08:2015,kaggle
2815,31:08:2015,kaggle
2816,31:08:2015,kaggle
2817,31:08:2015,kaggle
2818,31:08:2015,kaggle
2819,31:08:2015,kaggle
2820,31:08:2015,kaggle
2821,31:08:2015,kaggle
2822,31:08:2015,kaggle
2823,31:08:2015,kaggle
2824,31:08:2015,kaggle
2825,31:08:2015,kaggle
2826,31:08:2015,kaggle
2827,31:08:2015,kaggle
2828,31:08:2015,kaggle
2829,31:08:2015,kaggle
2830,31:08:2015,kaggle
2831,31:08:2015,kaggle
2832,31:08:2015,kaggle
2833,31:08:2015,kaggle
2834,31:08:2015,kaggle
2835,31:08:2015,kaggle
2836,31:08:2015,kaggle
2837,31:08:2015,kaggle
2838,31:08:2015,kaggle
2839,31:08:2015,kaggle
2840,31:08:2015,kaggle
2841,31:08:2015,kaggle
2842,31:08:2015,kaggle
2843,31:08:2015,kaggle
2844,31:08:2015,kaggle
2845,31:08:2015,kaggle
2846,31:08:2015,kaggle
2847,31:08:2015,kaggle
2848,31:08:2015,kaggle
2849,31:08:2015,kaggle
2850,31:08:2015,kaggle
2851,31:08:2015,kaggle
2852,31:08:2015,kaggle
2853,31:08:2015,kaggle
2854,31:08:2015,kaggle
2855,31:08:2015,kaggle
2856,31:08:2015,kaggle
2857,31:08:2015,kaggle
2858,31:08:2015,kaggle
2859,31:08:2015,kaggle
2860,31:08:2015,kaggle
2861,31:08:2015,kaggle
2862,31:08:2015,kaggle
2863,31:08:2015,kaggle
2864,31:08:2015,kaggle
2865,31:08:2015,kaggle
2866,31:08:2015,kaggle
2867,31:08:2015,kaggle
2868,31:08:2015,kaggle
2869,31:08:2015,kaggle
2870,31:08:2015,kaggle
2871,31:08:2015,kaggle
2872,31:08:2015,kaggle
2873,31:08:2015,kaggle
2874,31:08:2015,kaggle
2875,31:08:2015,kaggle
2876,31:08:2015,kaggle
2877,31:08:2015,kaggle
2878,31:08:2015,kaggle
2879,31:08:2015,kaggle
2880,31:08:2015,kaggle
2881,31:08:2015,kaggle
2882,31:08:2015,kaggle
2883,31:08:2015,kaggle
2884,31:08:2015,kaggle
2885,31:08:2015,kaggle
2886,31:08:2015,kaggle
2887,31:08:2015,kaggle
2888,31:08:2015,kaggle
2889,31:08:2015,kaggle
2890,31:08:2015,kaggle
2891,31:08:2015,kaggle
2892,31:08:2015,kaggle
2893,31:08:2015,kaggle
2894,31:08:2015,kaggle
2895,31:08:2015,kaggle
2896,31:08:2015,kaggle
2897,31:08:2015,kaggle
2898,31:08:2015,kaggle
2899,31:08:2015,kaggle
2900,31:08:2015,kaggle
2901,31:08:2015,kaggle
2902,31:08:2015,kaggle
2903,31:08:2015,kaggle
2904,31:08:2015,kaggle
2905,31:08:2015,kaggle
2906,31:08:2015,kaggle
2907,31:08:2015,kaggle
2908,31:08:2015,kaggle
2909,31:08:2015,kaggle
2910,31:08:2015,kaggle
2911,31:08:2015,kaggle
2912,31:08:2015,kaggle
2913,31:08:2015,kaggle
2914,31:08:2015,kaggle
2915,31:08:2015,kaggle
2916,31:08:2015,kaggle
2917,31:08:2015,kaggle
2918,31:08:2015,kaggle
2919,31:08:2015,kaggle
2920,31:08:2015,kaggle
2921,31:08:2015,kaggle
2922,31:08:2015,kaggle
2923,31:08:2015,kaggle
2924,31:08:2015,kaggle
2925,31:08:2015,kaggle
2926,31:08:2015,kaggle
2927,31:08:2015,kaggle
2928,31:08:2015,kaggle
2929,31:08:2015,kaggle
2930,31:08:2015,kaggle
2931,31:08:2015,kaggle
2932,31:08:2015,kaggle
2933,31:08:2015,kaggle
2934,31:08:2015,kaggle
2935,31:08:2015,kaggle
2936,31:08:2015,kaggle
2937,31:08:2015,kaggle
2938,31:08:2015,kaggle
2939,31:08:2015,kaggle
2940,31:08:2015,kaggle
2941,31:08:2015,kaggle
2942,31:08:2015,kaggle
2943,31:08:2015,kaggle
2944,31:08:2015,kaggle
2945,31:08:2015,kaggle
2946,31:08:2015,kaggle
2947,31:08:2015,kaggle
2948,31:08:2015,kaggle
2949,31:08:2015,kaggle
2950,31:08:2015,kaggle
2951,31:08:2015,kaggle
2952,31:08:2015,kaggle
2953,31:08:2015,kaggle
2954,31:08:2015,kaggle
2955,31:08:2015,kaggle
2956,31:08:2015,kaggle
2957,31:08:2015,kaggle
2958,31:08:2015,kaggle
2959,31:08:2015,kaggle
2960,31:08:2015,kaggle
2961,31:08:2015,kaggle
2962,31:08:2015,kaggle
2963,31:08:2015,kaggle
2964,31:08:2015,kaggle
2965,31:08:2015,kaggle
2966,31:08:2015,kaggle
2967,31:08:2015,kaggle
2968,31:08:2015,kaggle
2969,31:08:2015,kaggle
2970,31:08:2015,kaggle
2971,31:08:2015,kaggle
2972,31:08:2015,kaggle
2973,31:08:2015,kaggle
2974,31:08:2015,kaggle
2975,31:08:2015,kaggle
2976,31:08:2015,kaggle
2977,31:08:2015,kaggle
2978,31:08:2015,kaggle
2979,31:08:2015,kaggle
2980,31:08:2015,kaggle
2981,31:08:2015,kaggle
2982,31:08:2015,kaggle
2983,31:08:2015,kaggle
2984,31:08:2015,kaggle
2985,31:08:2015,kaggle
2986,31:08:2015,kaggle
2987,31:08:2015,kaggle
2988,31:08:2015,kaggle
2989,31:08:2015,kaggle
2990,31:08:2015,kaggle
2991,31:08:2015,kaggle
2992,31:08:2015,kaggle
2993,31:08:2015,kaggle
2994,31:08:2015,kaggle
2995,31:08:2015,kaggle
2996,31:08:2015,kaggle
2997,31:08:2015,kaggle
2998,31:08:2015,kaggle
2999,31:08:2015,kaggle
3000,31:08:2015,kaggle
3001,31:08:2015,kaggle
3002,31:08:2015,kaggle
3003,31:08:2015,kaggle
3004,31:08:2015,kaggle
3005,31:08:2015,kaggle
3006,31:08:2015,kaggle
3007,31:08:2015,kaggle
3008,31:08:2015,kaggle
3009,31:08:2015,kaggle
3010,31:08:2015,kaggle
3011,31:08:2015,kaggle
3012,31:08:2015,kaggle
3013,31:08:2015,kaggle
3014,31:08:2015,kaggle
3015,31:08:2015,kaggle
3016,31:08:2015,kaggle
3017,31:08:2015,kaggle
3018,31:08:2015,kaggle
3019,31:08:2015,kaggle
3020,31:08:2015,kaggle
3021,31:08:2015,kaggle
3022,31:08:2015,kaggle
3023,31:08:2015,kaggle
3024,31:08:2015,kaggle
3025,31:08:2015,kaggle
3026,31:08:2015,kaggle
3027,31:08:2015,kaggle
3028,31:08:2015,kaggle
3029,31:08:2015,kaggle
3030,31:08:2015,kaggle
3031,31:08:2015,kaggle
3032,31:08:2015,kaggle
3033,31:08:2015,kaggle
3034,31:08:2015,kaggle
3035,31:08:2015,kaggle
3036,31:08:2015,kaggle
3037,31:08:2015,kaggle
3038,31:08:2015,kaggle
3039,31:08:2015,kaggle
3040,31:08:2015,kaggle
3041,31:08:2015,kaggle
3042,31:08:2015,kaggle
3043,31:08:2015,kaggle
3044,31:08:2015,kaggle
3045,31:08:2015,kaggle
3046,31:08:2015,kaggle
3047,31:08:2015,kaggle
3048,31:08:2015,kaggle
3049,31:08:2015,kaggle
3050,31:08:2015,kaggle
3051,31:08:2015,kaggle
3052,31:08:2015,kaggle
3053,31:08:2015,kaggle
3054,31:08:2015,kaggle
3055,31:08:2015,kaggle
3056,31:08:2015,kaggle
3057,31:08:2015,kaggle
3058,31:08:2015,kaggle
3059,31:08:2015,kaggle
3060,31:08:2015,kaggle
3061,31:08:2015,kaggle
3062,31:08:2015,kaggle
3063,31:08:2015,kaggle
3064,31:08:2015,kaggle
3065,31:08:2015,kaggle
3066,31:08:2015,kaggle
3067,31:08:2015,kaggle
3068,31:08:2015,kaggle
3069,31:08:2015,kaggle
3070,31:08:2015,kaggle
3071,31:08:2015,kaggle
3072,31:08:2015,kaggle
3073,31:08:2015,kaggle
3074,31:08:2015,kaggle
3075,31:08:2015,kaggle
3076,31:08:2015,kaggle
3077,31:08:2015,kaggle
3078,31:08:2015,kaggle
3079,31:08:2015,kaggle
3080,31:08:2015,kaggle
3081,31:08:2015,kaggle
3082,31:08:2015,kaggle
3083,31:08:2015,kaggle
3084,31:08:2015,kaggle
3085,31:08:2015,kaggle
3086,31:08:2015,kaggle
3087,31:08:2015,kaggle
3088,31:08:2015,kaggle
3089,31:08:2015,kaggle
3090,31:08:2015,kaggle
3091,31:08:2015,kaggle
3092,31:08:2015,kaggle
3093,31:08:2015,kaggle
3094,31:08:2015,kaggle
3095,31:08:2015,kaggle
3096,31:08:2015,kaggle
3097,31:08:2015,kaggle
3098,31:08:2015,kaggle
3099,31:08:2015,kaggle
3100,31:08:2015,kaggle
3101,31:08:2015,kaggle
3102,31:08:2015,kaggle
3103,31:08:2015,kaggle
3104,31:08:2015,kaggle
3105,31:08:2015,kaggle
3106,31:08:2015,kaggle
3107,31:08:2015,kaggle
3108,31:08:2015,kaggle
3109,31:08:2015,kaggle
3110,31:08:2015,kaggle
3111,31:08:2015,kaggle
3112,31:08:2015,kaggle
3113,31:08:2015,kaggle
3114,31:08:2015,kaggle
3115,31:08:2015,kaggle
3116,31:08:2015,kaggle
3117,31:08:2015,kaggle
3118,31:08:2015,kaggle
3119,31:08:2015,kaggle
3120,31:08:2015,kaggle
3121,31:08:2015,kaggle
3122,31:08:2015,kaggle
3123,31:08:2015,kaggle
3124,31:08:2015,kaggle
3125,31:08:2015,kaggle
3126,31:08:2015,kaggle
3127,31:08:2015,kaggle
3128,31:08:2015,kaggle
3129,31:08:2015,kaggle
3130,31:08:2015,kaggle
3131,31:08:2015,kaggle
3132,31:08:2015,kaggle
3133,31:08:2015,kaggle
3134,31:08:2015,kaggle
3135,31:08:2015,kaggle
3136,31:08:2015,kaggle
3137,31:08:2015,kaggle
3138,31:08:2015,kaggle
3139,31:08:2015,kaggle
3140,31:08:2015,kaggle
3141,31:08:2015,kaggle
3142,31:08:2015,kaggle
3143,31:08:2015,kaggle
3144,31:08:2015,kaggle
3145,31:08:2015,kaggle
3146,31:08:2015,kaggle
3147,31:08:2015,kaggle
3148,31:08:2015,kaggle
3149,31:08:2015,kaggle
3150,31:08:2015,kaggle
3151,31:08:2015,kaggle
3152,31:08:2015,kaggle
3153,31:08:2015,kaggle
3154,31:08:2015,kaggle
3155,31:08:2015,kaggle
3156,31:08:2015,kaggle
3157,31:08:2015,kaggle
3158,31:08:2015,kaggle
3159,31:08:2015,kaggle
3160,31:08:2015,kaggle
3161,31:08:2015,kaggle
3162,31:08:2015,kaggle
3163,31:08:2015,kaggle
3164,31:08:2015,kaggle
3165,31:08:2015,kaggle
3166,31:08:2015,kaggle
3167,31:08:2015,kaggle
3168,31:08:2015,kaggle
3169,31:08:2015,kaggle
3170,31:08:2015,kaggle
3171,31:08:2015,kaggle
3172,31:08:2015,kaggle
3173,31:08:2015,kaggle
3174,31:08:2015,kaggle
3175,31:08:2015,kaggle
3176,31:08:2015,kaggle
3177,31:08:2015,kaggle
3178,31:08:2015,kaggle
3179,31:08:2015,kaggle
3180,31:08:2015,kaggle
3181,31:08:2015,kaggle
3182,31:08:2015,kaggle
3183,31:08:2015,kaggle
3184,31:08:2015,kaggle
3185,31:08:2015,kaggle
3186,31:08:2015,kaggle
3187,31:08:2015,kaggle
3188,31:08:2015,kaggle
3189,31:08:2015,kaggle
3190,31:08:2015,kaggle
3191,31:08:2015,kaggle
3192,31:08:2015,kaggle
3193,31:08:2015,kaggle
3194,31:08:2015,kaggle
3195,31:08:2015,kaggle
3196,31:08:2015,kaggle
3197,31:08:2015,kaggle
3198,31:08:2015,kaggle
3199,31:08:2015,kaggle
3200,31:08:2015,kaggle
3201,31:08:2015,kaggle
3202,31:08:2015,kaggle
3203,31:08:2015,kaggle
3204,31:08:2015,kaggle
3205,31:08:2015,kaggle
3206,31:08:2015,kaggle
3207,31:08:2015,kaggle
3208,31:08:2015,kaggle
3209,31:08:2015,kaggle
3210,31:08:2015,kaggle
3211,31:08:2015,kaggle
3212,31:08:2015,kaggle
3213,31:08:2015,kaggle
3214,31:08:2015,kaggle
3215,31:08:2015,kaggle
3216,31:08:2015,kaggle
3217,31:08:2015,kaggle
3218,31:08:2015,kaggle
3219,31:08:2015,kaggle
3220,31:08:2015,kaggle
3221,31:08:2015,kaggle
3222,31:08:2015,kaggle
3223,31:08:2015,kaggle
3224,31:08:2015,kaggle
3225,31:08:2015,kaggle
3226,31:08:2015,kaggle
3227,31:08:2015,kaggle
3228,31:08:2015,kaggle
3229,31:08:2015,kaggle
3230,31:08:2015,kaggle
3231,31:08:2015,kaggle
3232,31:08:2015,kaggle
3233,31:08:2015,kaggle
3234,31:08:2015,kaggle
3235,31:08:2015,kaggle
3236,31:08:2015,kaggle
3237,31:08:2015,kaggle
3238,31:08:2015,kaggle
3239,31:08:2015,kaggle
3240,31:08:2015,kaggle
3241,31:08:2015,kaggle
3242,31:08:2015,kaggle
3243,31:08:2015,kaggle
3244,31:08:2015,kaggle
3245,31:08:2015,kaggle
3246,31:08:2015,kaggle
3247,31:08:2015,kaggle
3248,31:08:2015,kaggle
3249,31:08:2015,kaggle
3250,31:08:2015,kaggle
3251,31:08:2015,kaggle
3252,31:08:2015,kaggle
3253,31:08:2015,kaggle
3254,31:08:2015,kaggle
3255,31:08:2015,kaggle
3256,31:08:2015,kaggle
3257,31:08:2015,kaggle
3258,31:08:2015,kaggle
3259,31:08:2015,kaggle
3260,31:08:2015,kaggle
3261,31:08:2015,kaggle
3262,31:08:2015,kaggle
3263,31:08:2015,kaggle
3264,31:08:2015,kaggle
3265,31:08:2015,kaggle
3266,31:08:2015,kaggle
3267,31:08:2015,kaggle
3268,31:08:2015,kaggle
3269,31:08:2015,kaggle
3270,31:08:2015,kaggle
3271,31:08:2015,kaggle
3272,31:08:2015,kaggle
3273,31:08:2015,kaggle
3274,31:08:2015,kaggle
3275,31:08:2015,kaggle
3276,31:08:2015,kaggle
3277,31:08:2015,kaggle
3278,31:08:2015,kaggle
3279,31:08:2015,kaggle
3280,31:08:2015,kaggle
3281,31:08:2015,kaggle
3282,31:08:2015,kaggle
3283,31:08:2015,kaggle
3284,31:08:2015,kaggle
3285,31:08:2015,kaggle
3286,31:08:2015,kaggle
3287,31:08:2015,kaggle
3288,31:08:2015,kaggle
3289,31:08:2015,kaggle
3290,31:08:2015,kaggle
3291,31:08:2015,kaggle
3292,31:08:2015,kaggle
3293,31:08:2015,kaggle
3294,31:08:2015,kaggle
3295,31:08:2015,kaggle
3296,31:08:2015,kaggle
3297,31:08:2015,kaggle
3298,31:08:2015,kaggle
3299,31:08:2015,kaggle
3300,31:08:2015,kaggle
3301,31:08:2015,kaggle
3302,31:08:2015,kaggle
3303,31:08:2015,kaggle
3304,31:08:2015,kaggle
3305,31:08:2015,kaggle
3306,31:08:2015,kaggle
3307,31:08:2015,kaggle
3308,31:08:2015,kaggle
3309,31:08:2015,kaggle
3310,31:08:2015,kaggle
3311,31:08:2015,kaggle
3312,31:08:2015,kaggle
3313,31:08:2015,kaggle
3314,31:08:2015,kaggle
3315,31:08:2015,kaggle
3316,31:08:2015,kaggle
3317,31:08:2015,kaggle
3318,31:08:2015,kaggle
3319,31:08:2015,kaggle
3320,31:08:2015,kaggle
3321,31:08:2015,kaggle
3322,31:08:2015,kaggle
3323,31:08:2015,kaggle
3324,31:08:2015,kaggle
3325,31:08:2015,kaggle
3326,31:08:2015,kaggle
3327,31:08:2015,kaggle
3328,31:08:2015,kaggle
3329,31:08:2015,kaggle
3330,31:08:2015,kaggle
3331,31:08:2015,kaggle
3332,31:08:2015,kaggle
3333,31:08:2015,kaggle
3334,31:08:2015,kaggle
3335,31:08:2015,kaggle
3336,31:08:2015,kaggle
3337,31:08:2015,kaggle
3338,31:08:2015,kaggle
3339,31:08:2015,kaggle
3340,31:08:2015,kaggle
3341,31:08:2015,kaggle
3342,31:08:2015,kaggle
3343,31:08:2015,kaggle
3344,31:08:2015,kaggle
3345,31:08:2015,kaggle
3346,31:08:2015,kaggle
3347,31:08:2015,kaggle
3348,31:08:2015,kaggle
3349,31:08:2015,kaggle
3350,31:08:2015,kaggle
3351,31:08:2015,kaggle
3352,31:08:2015,kaggle
3353,31:08:2015,kaggle
3354,31:08:2015,kaggle
3355,31:08:2015,kaggle
3356,31:08:2015,kaggle
3357,31:08:2015,kaggle
3358,31:08:2015,kaggle
3359,31:08:2015,kaggle
3360,31:08:2015,kaggle
3361,31:08:2015,kaggle
3362,31:08:2015,kaggle
3363,31:08:2015,kaggle
3364,31:08:2015,kaggle
3365,31:08:2015,kaggle
3366,31:08:2015,kaggle
3367,31:08:2015,kaggle
3368,31:08:2015,kaggle
3369,31:08:2015,kaggle
3370,31:08:2015,kaggle
3371,31:08:2015,kaggle
3372,31:08:2015,kaggle
3373,31:08:2015,kaggle
3374,31:08:2015,kaggle
3375,31:08:2015,kaggle
3376,31:08:2015,kaggle
3377,31:08:2015,kaggle
3378,31:08:2015,kaggle
3379,31:08:2015,kaggle
3380,31:08:2015,kaggle
3381,31:08:2015,kaggle
3382,31:08:2015,kaggle
3383,31:08:2015,kaggle
3384,31:08:2015,kaggle
3385,31:08:2015,kaggle
3386,31:08:2015,kaggle
3387,31:08:2015,kaggle
