user_id,LoadDateTimeStamp,RecordSource
1,2019-12-09 13:40:32,kaggle
2,2019-12-09 13:40:32,kaggle
3,2019-12-09 13:40:32,kaggle
4,2019-12-09 13:40:32,kaggle
5,2019-12-09 13:40:32,kaggle
6,2019-12-09 13:40:32,kaggle
7,2019-12-09 13:40:32,kaggle
8,2019-12-09 13:40:32,kaggle
9,2019-12-09 13:40:32,kaggle
10,2019-12-09 13:40:32,kaggle
11,2019-12-09 13:40:32,kaggle
12,2019-12-09 13:40:32,kaggle
13,2019-12-09 13:40:32,kaggle
14,2019-12-09 13:40:32,kaggle
15,2019-12-09 13:40:32,kaggle
16,2019-12-09 13:40:32,kaggle
17,2019-12-09 13:40:32,kaggle
18,2019-12-09 13:40:32,kaggle
19,2019-12-09 13:40:32,kaggle
20,2019-12-09 13:40:32,kaggle
21,2019-12-09 13:40:32,kaggle
22,2019-12-09 13:40:32,kaggle
23,2019-12-09 13:40:32,kaggle
24,2019-12-09 13:40:32,kaggle
25,2019-12-09 13:40:32,kaggle
26,2019-12-09 13:40:32,kaggle
27,2019-12-09 13:40:32,kaggle
28,2019-12-09 13:40:32,kaggle
29,2019-12-09 13:40:32,kaggle
30,2019-12-09 13:40:32,kaggle
31,2019-12-09 13:40:32,kaggle
32,2019-12-09 13:40:32,kaggle
33,2019-12-09 13:40:32,kaggle
34,2019-12-09 13:40:32,kaggle
35,2019-12-09 13:40:32,kaggle
36,2019-12-09 13:40:32,kaggle
37,2019-12-09 13:40:32,kaggle
38,2019-12-09 13:40:32,kaggle
39,2019-12-09 13:40:32,kaggle
40,2019-12-09 13:40:32,kaggle
41,2019-12-09 13:40:32,kaggle
42,2019-12-09 13:40:32,kaggle
43,2019-12-09 13:40:32,kaggle
44,2019-12-09 13:40:32,kaggle
45,2019-12-09 13:40:32,kaggle
46,2019-12-09 13:40:32,kaggle
47,2019-12-09 13:40:32,kaggle
48,2019-12-09 13:40:32,kaggle
49,2019-12-09 13:40:32,kaggle
50,2019-12-09 13:40:32,kaggle
51,2019-12-09 13:40:32,kaggle
52,2019-12-09 13:40:32,kaggle
53,2019-12-09 13:40:32,kaggle
54,2019-12-09 13:40:32,kaggle
55,2019-12-09 13:40:32,kaggle
56,2019-12-09 13:40:32,kaggle
57,2019-12-09 13:40:32,kaggle
58,2019-12-09 13:40:32,kaggle
59,2019-12-09 13:40:32,kaggle
60,2019-12-09 13:40:32,kaggle
61,2019-12-09 13:40:32,kaggle
62,2019-12-09 13:40:32,kaggle
63,2019-12-09 13:40:32,kaggle
64,2019-12-09 13:40:32,kaggle
65,2019-12-09 13:40:32,kaggle
66,2019-12-09 13:40:32,kaggle
67,2019-12-09 13:40:32,kaggle
68,2019-12-09 13:40:32,kaggle
69,2019-12-09 13:40:32,kaggle
70,2019-12-09 13:40:32,kaggle
71,2019-12-09 13:40:32,kaggle
72,2019-12-09 13:40:32,kaggle
73,2019-12-09 13:40:32,kaggle
74,2019-12-09 13:40:32,kaggle
75,2019-12-09 13:40:32,kaggle
76,2019-12-09 13:40:32,kaggle
77,2019-12-09 13:40:32,kaggle
78,2019-12-09 13:40:32,kaggle
79,2019-12-09 13:40:32,kaggle
80,2019-12-09 13:40:32,kaggle
81,2019-12-09 13:40:32,kaggle
82,2019-12-09 13:40:32,kaggle
83,2019-12-09 13:40:32,kaggle
84,2019-12-09 13:40:32,kaggle
85,2019-12-09 13:40:32,kaggle
86,2019-12-09 13:40:32,kaggle
87,2019-12-09 13:40:32,kaggle
88,2019-12-09 13:40:32,kaggle
89,2019-12-09 13:40:32,kaggle
90,2019-12-09 13:40:32,kaggle
91,2019-12-09 13:40:32,kaggle
92,2019-12-09 13:40:32,kaggle
93,2019-12-09 13:40:32,kaggle
94,2019-12-09 13:40:32,kaggle
95,2019-12-09 13:40:32,kaggle
96,2019-12-09 13:40:32,kaggle
97,2019-12-09 13:40:32,kaggle
98,2019-12-09 13:40:32,kaggle
99,2019-12-09 13:40:32,kaggle
100,2019-12-09 13:40:32,kaggle
101,2019-12-09 13:40:32,kaggle
102,2019-12-09 13:40:32,kaggle
103,2019-12-09 13:40:32,kaggle
104,2019-12-09 13:40:32,kaggle
105,2019-12-09 13:40:32,kaggle
106,2019-12-09 13:40:32,kaggle
107,2019-12-09 13:40:32,kaggle
108,2019-12-09 13:40:32,kaggle
109,2019-12-09 13:40:32,kaggle
110,2019-12-09 13:40:32,kaggle
111,2019-12-09 13:40:32,kaggle
112,2019-12-09 13:40:32,kaggle
113,2019-12-09 13:40:32,kaggle
114,2019-12-09 13:40:32,kaggle
115,2019-12-09 13:40:32,kaggle
116,2019-12-09 13:40:32,kaggle
117,2019-12-09 13:40:32,kaggle
118,2019-12-09 13:40:32,kaggle
119,2019-12-09 13:40:32,kaggle
120,2019-12-09 13:40:32,kaggle
121,2019-12-09 13:40:32,kaggle
122,2019-12-09 13:40:32,kaggle
123,2019-12-09 13:40:32,kaggle
124,2019-12-09 13:40:32,kaggle
125,2019-12-09 13:40:32,kaggle
126,2019-12-09 13:40:32,kaggle
127,2019-12-09 13:40:32,kaggle
128,2019-12-09 13:40:32,kaggle
129,2019-12-09 13:40:32,kaggle
130,2019-12-09 13:40:32,kaggle
131,2019-12-09 13:40:32,kaggle
132,2019-12-09 13:40:32,kaggle
133,2019-12-09 13:40:32,kaggle
134,2019-12-09 13:40:32,kaggle
135,2019-12-09 13:40:32,kaggle
136,2019-12-09 13:40:32,kaggle
137,2019-12-09 13:40:32,kaggle
138,2019-12-09 13:40:32,kaggle
139,2019-12-09 13:40:32,kaggle
140,2019-12-09 13:40:32,kaggle
141,2019-12-09 13:40:32,kaggle
142,2019-12-09 13:40:32,kaggle
143,2019-12-09 13:40:32,kaggle
144,2019-12-09 13:40:32,kaggle
145,2019-12-09 13:40:32,kaggle
146,2019-12-09 13:40:32,kaggle
147,2019-12-09 13:40:32,kaggle
148,2019-12-09 13:40:32,kaggle
149,2019-12-09 13:40:32,kaggle
150,2019-12-09 13:40:32,kaggle
151,2019-12-09 13:40:32,kaggle
152,2019-12-09 13:40:32,kaggle
153,2019-12-09 13:40:32,kaggle
154,2019-12-09 13:40:32,kaggle
155,2019-12-09 13:40:32,kaggle
156,2019-12-09 13:40:32,kaggle
157,2019-12-09 13:40:32,kaggle
158,2019-12-09 13:40:32,kaggle
159,2019-12-09 13:40:32,kaggle
160,2019-12-09 13:40:32,kaggle
161,2019-12-09 13:40:32,kaggle
162,2019-12-09 13:40:32,kaggle
163,2019-12-09 13:40:32,kaggle
164,2019-12-09 13:40:32,kaggle
165,2019-12-09 13:40:32,kaggle
166,2019-12-09 13:40:32,kaggle
167,2019-12-09 13:40:32,kaggle
168,2019-12-09 13:40:32,kaggle
169,2019-12-09 13:40:32,kaggle
170,2019-12-09 13:40:32,kaggle
171,2019-12-09 13:40:32,kaggle
172,2019-12-09 13:40:32,kaggle
173,2019-12-09 13:40:32,kaggle
174,2019-12-09 13:40:32,kaggle
175,2019-12-09 13:40:32,kaggle
176,2019-12-09 13:40:32,kaggle
177,2019-12-09 13:40:32,kaggle
178,2019-12-09 13:40:32,kaggle
179,2019-12-09 13:40:32,kaggle
180,2019-12-09 13:40:32,kaggle
181,2019-12-09 13:40:32,kaggle
182,2019-12-09 13:40:32,kaggle
183,2019-12-09 13:40:32,kaggle
184,2019-12-09 13:40:32,kaggle
185,2019-12-09 13:40:32,kaggle
186,2019-12-09 13:40:32,kaggle
187,2019-12-09 13:40:32,kaggle
188,2019-12-09 13:40:32,kaggle
189,2019-12-09 13:40:32,kaggle
190,2019-12-09 13:40:32,kaggle
191,2019-12-09 13:40:32,kaggle
192,2019-12-09 13:40:32,kaggle
193,2019-12-09 13:40:32,kaggle
194,2019-12-09 13:40:32,kaggle
195,2019-12-09 13:40:32,kaggle
196,2019-12-09 13:40:32,kaggle
197,2019-12-09 13:40:32,kaggle
198,2019-12-09 13:40:32,kaggle
199,2019-12-09 13:40:32,kaggle
200,2019-12-09 13:40:32,kaggle
201,2019-12-09 13:40:32,kaggle
202,2019-12-09 13:40:32,kaggle
203,2019-12-09 13:40:32,kaggle
204,2019-12-09 13:40:32,kaggle
205,2019-12-09 13:40:32,kaggle
206,2019-12-09 13:40:32,kaggle
207,2019-12-09 13:40:32,kaggle
208,2019-12-09 13:40:32,kaggle
209,2019-12-09 13:40:32,kaggle
210,2019-12-09 13:40:32,kaggle
211,2019-12-09 13:40:32,kaggle
212,2019-12-09 13:40:32,kaggle
213,2019-12-09 13:40:32,kaggle
214,2019-12-09 13:40:32,kaggle
215,2019-12-09 13:40:32,kaggle
216,2019-12-09 13:40:32,kaggle
217,2019-12-09 13:40:32,kaggle
218,2019-12-09 13:40:32,kaggle
219,2019-12-09 13:40:32,kaggle
220,2019-12-09 13:40:32,kaggle
221,2019-12-09 13:40:32,kaggle
222,2019-12-09 13:40:32,kaggle
223,2019-12-09 13:40:32,kaggle
224,2019-12-09 13:40:32,kaggle
225,2019-12-09 13:40:32,kaggle
226,2019-12-09 13:40:32,kaggle
227,2019-12-09 13:40:32,kaggle
228,2019-12-09 13:40:32,kaggle
229,2019-12-09 13:40:32,kaggle
230,2019-12-09 13:40:32,kaggle
231,2019-12-09 13:40:32,kaggle
232,2019-12-09 13:40:32,kaggle
233,2019-12-09 13:40:32,kaggle
234,2019-12-09 13:40:32,kaggle
235,2019-12-09 13:40:32,kaggle
236,2019-12-09 13:40:32,kaggle
237,2019-12-09 13:40:32,kaggle
238,2019-12-09 13:40:32,kaggle
239,2019-12-09 13:40:32,kaggle
240,2019-12-09 13:40:32,kaggle
241,2019-12-09 13:40:32,kaggle
242,2019-12-09 13:40:32,kaggle
243,2019-12-09 13:40:32,kaggle
244,2019-12-09 13:40:32,kaggle
245,2019-12-09 13:40:32,kaggle
246,2019-12-09 13:40:32,kaggle
247,2019-12-09 13:40:32,kaggle
248,2019-12-09 13:40:32,kaggle
249,2019-12-09 13:40:32,kaggle
250,2019-12-09 13:40:32,kaggle
251,2019-12-09 13:40:32,kaggle
252,2019-12-09 13:40:32,kaggle
253,2019-12-09 13:40:32,kaggle
254,2019-12-09 13:40:32,kaggle
255,2019-12-09 13:40:32,kaggle
256,2019-12-09 13:40:32,kaggle
257,2019-12-09 13:40:32,kaggle
258,2019-12-09 13:40:32,kaggle
259,2019-12-09 13:40:32,kaggle
260,2019-12-09 13:40:32,kaggle
261,2019-12-09 13:40:32,kaggle
262,2019-12-09 13:40:32,kaggle
263,2019-12-09 13:40:32,kaggle
264,2019-12-09 13:40:32,kaggle
265,2019-12-09 13:40:32,kaggle
266,2019-12-09 13:40:32,kaggle
267,2019-12-09 13:40:32,kaggle
268,2019-12-09 13:40:32,kaggle
269,2019-12-09 13:40:32,kaggle
270,2019-12-09 13:40:32,kaggle
271,2019-12-09 13:40:32,kaggle
272,2019-12-09 13:40:32,kaggle
273,2019-12-09 13:40:32,kaggle
274,2019-12-09 13:40:32,kaggle
275,2019-12-09 13:40:32,kaggle
276,2019-12-09 13:40:32,kaggle
277,2019-12-09 13:40:32,kaggle
278,2019-12-09 13:40:32,kaggle
279,2019-12-09 13:40:32,kaggle
280,2019-12-09 13:40:32,kaggle
281,2019-12-09 13:40:32,kaggle
282,2019-12-09 13:40:32,kaggle
283,2019-12-09 13:40:32,kaggle
284,2019-12-09 13:40:32,kaggle
285,2019-12-09 13:40:32,kaggle
286,2019-12-09 13:40:32,kaggle
287,2019-12-09 13:40:32,kaggle
288,2019-12-09 13:40:32,kaggle
289,2019-12-09 13:40:32,kaggle
290,2019-12-09 13:40:32,kaggle
291,2019-12-09 13:40:32,kaggle
292,2019-12-09 13:40:32,kaggle
293,2019-12-09 13:40:32,kaggle
294,2019-12-09 13:40:32,kaggle
295,2019-12-09 13:40:32,kaggle
296,2019-12-09 13:40:32,kaggle
297,2019-12-09 13:40:32,kaggle
298,2019-12-09 13:40:32,kaggle
299,2019-12-09 13:40:32,kaggle
300,2019-12-09 13:40:32,kaggle
301,2019-12-09 13:40:32,kaggle
302,2019-12-09 13:40:32,kaggle
303,2019-12-09 13:40:32,kaggle
304,2019-12-09 13:40:32,kaggle
305,2019-12-09 13:40:32,kaggle
306,2019-12-09 13:40:32,kaggle
307,2019-12-09 13:40:32,kaggle
308,2019-12-09 13:40:32,kaggle
309,2019-12-09 13:40:32,kaggle
310,2019-12-09 13:40:32,kaggle
311,2019-12-09 13:40:32,kaggle
312,2019-12-09 13:40:32,kaggle
313,2019-12-09 13:40:32,kaggle
314,2019-12-09 13:40:32,kaggle
315,2019-12-09 13:40:32,kaggle
316,2019-12-09 13:40:32,kaggle
317,2019-12-09 13:40:32,kaggle
318,2019-12-09 13:40:32,kaggle
319,2019-12-09 13:40:32,kaggle
320,2019-12-09 13:40:32,kaggle
321,2019-12-09 13:40:32,kaggle
322,2019-12-09 13:40:32,kaggle
323,2019-12-09 13:40:32,kaggle
324,2019-12-09 13:40:32,kaggle
325,2019-12-09 13:40:32,kaggle
326,2019-12-09 13:40:32,kaggle
327,2019-12-09 13:40:32,kaggle
328,2019-12-09 13:40:32,kaggle
329,2019-12-09 13:40:32,kaggle
330,2019-12-09 13:40:32,kaggle
331,2019-12-09 13:40:32,kaggle
332,2019-12-09 13:40:32,kaggle
333,2019-12-09 13:40:32,kaggle
334,2019-12-09 13:40:32,kaggle
335,2019-12-09 13:40:32,kaggle
336,2019-12-09 13:40:32,kaggle
337,2019-12-09 13:40:32,kaggle
338,2019-12-09 13:40:32,kaggle
339,2019-12-09 13:40:32,kaggle
340,2019-12-09 13:40:32,kaggle
341,2019-12-09 13:40:32,kaggle
342,2019-12-09 13:40:32,kaggle
343,2019-12-09 13:40:32,kaggle
344,2019-12-09 13:40:32,kaggle
345,2019-12-09 13:40:32,kaggle
346,2019-12-09 13:40:32,kaggle
347,2019-12-09 13:40:32,kaggle
348,2019-12-09 13:40:32,kaggle
349,2019-12-09 13:40:32,kaggle
350,2019-12-09 13:40:32,kaggle
351,2019-12-09 13:40:32,kaggle
352,2019-12-09 13:40:32,kaggle
353,2019-12-09 13:40:32,kaggle
354,2019-12-09 13:40:32,kaggle
355,2019-12-09 13:40:32,kaggle
356,2019-12-09 13:40:32,kaggle
357,2019-12-09 13:40:32,kaggle
358,2019-12-09 13:40:32,kaggle
359,2019-12-09 13:40:32,kaggle
360,2019-12-09 13:40:32,kaggle
361,2019-12-09 13:40:32,kaggle
362,2019-12-09 13:40:32,kaggle
363,2019-12-09 13:40:32,kaggle
364,2019-12-09 13:40:32,kaggle
365,2019-12-09 13:40:32,kaggle
366,2019-12-09 13:40:32,kaggle
367,2019-12-09 13:40:32,kaggle
368,2019-12-09 13:40:32,kaggle
369,2019-12-09 13:40:32,kaggle
370,2019-12-09 13:40:32,kaggle
371,2019-12-09 13:40:32,kaggle
372,2019-12-09 13:40:32,kaggle
373,2019-12-09 13:40:32,kaggle
374,2019-12-09 13:40:32,kaggle
375,2019-12-09 13:40:32,kaggle
376,2019-12-09 13:40:32,kaggle
377,2019-12-09 13:40:32,kaggle
378,2019-12-09 13:40:32,kaggle
379,2019-12-09 13:40:32,kaggle
380,2019-12-09 13:40:32,kaggle
381,2019-12-09 13:40:32,kaggle
382,2019-12-09 13:40:32,kaggle
383,2019-12-09 13:40:32,kaggle
384,2019-12-09 13:40:32,kaggle
385,2019-12-09 13:40:32,kaggle
386,2019-12-09 13:40:32,kaggle
387,2019-12-09 13:40:32,kaggle
388,2019-12-09 13:40:32,kaggle
389,2019-12-09 13:40:32,kaggle
390,2019-12-09 13:40:32,kaggle
391,2019-12-09 13:40:32,kaggle
392,2019-12-09 13:40:32,kaggle
393,2019-12-09 13:40:32,kaggle
394,2019-12-09 13:40:32,kaggle
395,2019-12-09 13:40:32,kaggle
396,2019-12-09 13:40:32,kaggle
397,2019-12-09 13:40:32,kaggle
398,2019-12-09 13:40:32,kaggle
399,2019-12-09 13:40:32,kaggle
400,2019-12-09 13:40:32,kaggle
401,2019-12-09 13:40:32,kaggle
402,2019-12-09 13:40:32,kaggle
403,2019-12-09 13:40:32,kaggle
404,2019-12-09 13:40:32,kaggle
405,2019-12-09 13:40:32,kaggle
406,2019-12-09 13:40:32,kaggle
407,2019-12-09 13:40:32,kaggle
408,2019-12-09 13:40:32,kaggle
409,2019-12-09 13:40:32,kaggle
410,2019-12-09 13:40:32,kaggle
411,2019-12-09 13:40:32,kaggle
412,2019-12-09 13:40:32,kaggle
413,2019-12-09 13:40:32,kaggle
414,2019-12-09 13:40:32,kaggle
415,2019-12-09 13:40:32,kaggle
416,2019-12-09 13:40:32,kaggle
417,2019-12-09 13:40:32,kaggle
418,2019-12-09 13:40:32,kaggle
419,2019-12-09 13:40:32,kaggle
420,2019-12-09 13:40:32,kaggle
421,2019-12-09 13:40:32,kaggle
422,2019-12-09 13:40:32,kaggle
423,2019-12-09 13:40:32,kaggle
424,2019-12-09 13:40:32,kaggle
425,2019-12-09 13:40:32,kaggle
426,2019-12-09 13:40:32,kaggle
427,2019-12-09 13:40:32,kaggle
428,2019-12-09 13:40:32,kaggle
429,2019-12-09 13:40:32,kaggle
430,2019-12-09 13:40:32,kaggle
431,2019-12-09 13:40:32,kaggle
432,2019-12-09 13:40:32,kaggle
433,2019-12-09 13:40:32,kaggle
434,2019-12-09 13:40:32,kaggle
435,2019-12-09 13:40:32,kaggle
436,2019-12-09 13:40:32,kaggle
437,2019-12-09 13:40:32,kaggle
438,2019-12-09 13:40:32,kaggle
439,2019-12-09 13:40:32,kaggle
440,2019-12-09 13:40:32,kaggle
441,2019-12-09 13:40:32,kaggle
442,2019-12-09 13:40:32,kaggle
443,2019-12-09 13:40:32,kaggle
444,2019-12-09 13:40:32,kaggle
445,2019-12-09 13:40:32,kaggle
446,2019-12-09 13:40:32,kaggle
447,2019-12-09 13:40:32,kaggle
448,2019-12-09 13:40:32,kaggle
449,2019-12-09 13:40:32,kaggle
450,2019-12-09 13:40:32,kaggle
451,2019-12-09 13:40:32,kaggle
452,2019-12-09 13:40:32,kaggle
453,2019-12-09 13:40:32,kaggle
454,2019-12-09 13:40:32,kaggle
455,2019-12-09 13:40:32,kaggle
456,2019-12-09 13:40:32,kaggle
457,2019-12-09 13:40:32,kaggle
458,2019-12-09 13:40:32,kaggle
459,2019-12-09 13:40:32,kaggle
460,2019-12-09 13:40:32,kaggle
461,2019-12-09 13:40:32,kaggle
462,2019-12-09 13:40:32,kaggle
463,2019-12-09 13:40:32,kaggle
464,2019-12-09 13:40:32,kaggle
465,2019-12-09 13:40:32,kaggle
466,2019-12-09 13:40:32,kaggle
467,2019-12-09 13:40:32,kaggle
468,2019-12-09 13:40:32,kaggle
469,2019-12-09 13:40:32,kaggle
470,2019-12-09 13:40:32,kaggle
471,2019-12-09 13:40:32,kaggle
472,2019-12-09 13:40:32,kaggle
473,2019-12-09 13:40:32,kaggle
474,2019-12-09 13:40:32,kaggle
475,2019-12-09 13:40:32,kaggle
476,2019-12-09 13:40:32,kaggle
477,2019-12-09 13:40:32,kaggle
478,2019-12-09 13:40:32,kaggle
479,2019-12-09 13:40:32,kaggle
480,2019-12-09 13:40:32,kaggle
481,2019-12-09 13:40:32,kaggle
482,2019-12-09 13:40:32,kaggle
483,2019-12-09 13:40:32,kaggle
484,2019-12-09 13:40:32,kaggle
485,2019-12-09 13:40:32,kaggle
486,2019-12-09 13:40:32,kaggle
487,2019-12-09 13:40:32,kaggle
488,2019-12-09 13:40:32,kaggle
489,2019-12-09 13:40:32,kaggle
490,2019-12-09 13:40:32,kaggle
491,2019-12-09 13:40:32,kaggle
492,2019-12-09 13:40:32,kaggle
493,2019-12-09 13:40:32,kaggle
494,2019-12-09 13:40:32,kaggle
495,2019-12-09 13:40:32,kaggle
496,2019-12-09 13:40:32,kaggle
497,2019-12-09 13:40:32,kaggle
498,2019-12-09 13:40:32,kaggle
499,2019-12-09 13:40:32,kaggle
500,2019-12-09 13:40:32,kaggle
501,2019-12-09 13:40:32,kaggle
502,2019-12-09 13:40:32,kaggle
503,2019-12-09 13:40:32,kaggle
504,2019-12-09 13:40:32,kaggle
505,2019-12-09 13:40:32,kaggle
506,2019-12-09 13:40:32,kaggle
507,2019-12-09 13:40:32,kaggle
508,2019-12-09 13:40:32,kaggle
509,2019-12-09 13:40:32,kaggle
510,2019-12-09 13:40:32,kaggle
511,2019-12-09 13:40:32,kaggle
512,2019-12-09 13:40:32,kaggle
513,2019-12-09 13:40:32,kaggle
514,2019-12-09 13:40:32,kaggle
515,2019-12-09 13:40:32,kaggle
516,2019-12-09 13:40:32,kaggle
517,2019-12-09 13:40:32,kaggle
518,2019-12-09 13:40:32,kaggle
519,2019-12-09 13:40:32,kaggle
520,2019-12-09 13:40:32,kaggle
521,2019-12-09 13:40:32,kaggle
522,2019-12-09 13:40:32,kaggle
523,2019-12-09 13:40:32,kaggle
524,2019-12-09 13:40:32,kaggle
525,2019-12-09 13:40:32,kaggle
526,2019-12-09 13:40:32,kaggle
527,2019-12-09 13:40:32,kaggle
528,2019-12-09 13:40:32,kaggle
529,2019-12-09 13:40:32,kaggle
530,2019-12-09 13:40:32,kaggle
531,2019-12-09 13:40:32,kaggle
532,2019-12-09 13:40:32,kaggle
533,2019-12-09 13:40:32,kaggle
534,2019-12-09 13:40:32,kaggle
535,2019-12-09 13:40:32,kaggle
536,2019-12-09 13:40:32,kaggle
537,2019-12-09 13:40:32,kaggle
538,2019-12-09 13:40:32,kaggle
539,2019-12-09 13:40:32,kaggle
540,2019-12-09 13:40:32,kaggle
541,2019-12-09 13:40:32,kaggle
542,2019-12-09 13:40:32,kaggle
543,2019-12-09 13:40:32,kaggle
544,2019-12-09 13:40:32,kaggle
545,2019-12-09 13:40:32,kaggle
546,2019-12-09 13:40:32,kaggle
547,2019-12-09 13:40:32,kaggle
548,2019-12-09 13:40:32,kaggle
549,2019-12-09 13:40:32,kaggle
550,2019-12-09 13:40:32,kaggle
551,2019-12-09 13:40:32,kaggle
552,2019-12-09 13:40:32,kaggle
553,2019-12-09 13:40:32,kaggle
554,2019-12-09 13:40:32,kaggle
555,2019-12-09 13:40:32,kaggle
556,2019-12-09 13:40:32,kaggle
557,2019-12-09 13:40:32,kaggle
558,2019-12-09 13:40:32,kaggle
559,2019-12-09 13:40:32,kaggle
560,2019-12-09 13:40:32,kaggle
561,2019-12-09 13:40:32,kaggle
562,2019-12-09 13:40:32,kaggle
563,2019-12-09 13:40:32,kaggle
564,2019-12-09 13:40:32,kaggle
565,2019-12-09 13:40:32,kaggle
566,2019-12-09 13:40:32,kaggle
567,2019-12-09 13:40:32,kaggle
568,2019-12-09 13:40:32,kaggle
569,2019-12-09 13:40:32,kaggle
570,2019-12-09 13:40:32,kaggle
571,2019-12-09 13:40:32,kaggle
572,2019-12-09 13:40:32,kaggle
573,2019-12-09 13:40:32,kaggle
574,2019-12-09 13:40:32,kaggle
575,2019-12-09 13:40:32,kaggle
576,2019-12-09 13:40:32,kaggle
577,2019-12-09 13:40:32,kaggle
578,2019-12-09 13:40:32,kaggle
579,2019-12-09 13:40:32,kaggle
580,2019-12-09 13:40:32,kaggle
581,2019-12-09 13:40:32,kaggle
582,2019-12-09 13:40:32,kaggle
583,2019-12-09 13:40:32,kaggle
584,2019-12-09 13:40:32,kaggle
585,2019-12-09 13:40:32,kaggle
586,2019-12-09 13:40:32,kaggle
587,2019-12-09 13:40:32,kaggle
588,2019-12-09 13:40:32,kaggle
589,2019-12-09 13:40:32,kaggle
590,2019-12-09 13:40:32,kaggle
591,2019-12-09 13:40:32,kaggle
592,2019-12-09 13:40:32,kaggle
593,2019-12-09 13:40:32,kaggle
594,2019-12-09 13:40:32,kaggle
595,2019-12-09 13:40:32,kaggle
596,2019-12-09 13:40:32,kaggle
597,2019-12-09 13:40:32,kaggle
598,2019-12-09 13:40:32,kaggle
599,2019-12-09 13:40:32,kaggle
600,2019-12-09 13:40:32,kaggle
601,2019-12-09 13:40:32,kaggle
602,2019-12-09 13:40:32,kaggle
603,2019-12-09 13:40:32,kaggle
604,2019-12-09 13:40:32,kaggle
605,2019-12-09 13:40:32,kaggle
606,2019-12-09 13:40:32,kaggle
607,2019-12-09 13:40:32,kaggle
608,2019-12-09 13:40:32,kaggle
609,2019-12-09 13:40:32,kaggle
610,2019-12-09 13:40:32,kaggle
611,2019-12-09 13:40:32,kaggle
612,2019-12-09 13:40:32,kaggle
613,2019-12-09 13:40:32,kaggle
614,2019-12-09 13:40:32,kaggle
615,2019-12-09 13:40:32,kaggle
616,2019-12-09 13:40:32,kaggle
617,2019-12-09 13:40:32,kaggle
618,2019-12-09 13:40:32,kaggle
619,2019-12-09 13:40:32,kaggle
620,2019-12-09 13:40:32,kaggle
621,2019-12-09 13:40:32,kaggle
622,2019-12-09 13:40:32,kaggle
623,2019-12-09 13:40:32,kaggle
624,2019-12-09 13:40:32,kaggle
625,2019-12-09 13:40:32,kaggle
626,2019-12-09 13:40:32,kaggle
627,2019-12-09 13:40:32,kaggle
628,2019-12-09 13:40:32,kaggle
629,2019-12-09 13:40:32,kaggle
630,2019-12-09 13:40:32,kaggle
631,2019-12-09 13:40:32,kaggle
632,2019-12-09 13:40:32,kaggle
633,2019-12-09 13:40:32,kaggle
634,2019-12-09 13:40:32,kaggle
635,2019-12-09 13:40:32,kaggle
636,2019-12-09 13:40:32,kaggle
637,2019-12-09 13:40:32,kaggle
638,2019-12-09 13:40:32,kaggle
639,2019-12-09 13:40:32,kaggle
640,2019-12-09 13:40:32,kaggle
641,2019-12-09 13:40:32,kaggle
642,2019-12-09 13:40:32,kaggle
643,2019-12-09 13:40:32,kaggle
644,2019-12-09 13:40:32,kaggle
645,2019-12-09 13:40:32,kaggle
646,2019-12-09 13:40:32,kaggle
647,2019-12-09 13:40:32,kaggle
648,2019-12-09 13:40:32,kaggle
649,2019-12-09 13:40:32,kaggle
650,2019-12-09 13:40:32,kaggle
651,2019-12-09 13:40:32,kaggle
652,2019-12-09 13:40:32,kaggle
653,2019-12-09 13:40:32,kaggle
654,2019-12-09 13:40:32,kaggle
655,2019-12-09 13:40:32,kaggle
656,2019-12-09 13:40:32,kaggle
657,2019-12-09 13:40:32,kaggle
658,2019-12-09 13:40:32,kaggle
659,2019-12-09 13:40:32,kaggle
660,2019-12-09 13:40:32,kaggle
661,2019-12-09 13:40:32,kaggle
662,2019-12-09 13:40:32,kaggle
663,2019-12-09 13:40:32,kaggle
664,2019-12-09 13:40:32,kaggle
665,2019-12-09 13:40:32,kaggle
666,2019-12-09 13:40:32,kaggle
667,2019-12-09 13:40:32,kaggle
668,2019-12-09 13:40:32,kaggle
669,2019-12-09 13:40:32,kaggle
670,2019-12-09 13:40:32,kaggle
671,2019-12-09 13:40:32,kaggle
672,2019-12-09 13:40:32,kaggle
673,2019-12-09 13:40:32,kaggle
674,2019-12-09 13:40:32,kaggle
675,2019-12-09 13:40:32,kaggle
676,2019-12-09 13:40:32,kaggle
677,2019-12-09 13:40:32,kaggle
678,2019-12-09 13:40:32,kaggle
679,2019-12-09 13:40:32,kaggle
680,2019-12-09 13:40:32,kaggle
681,2019-12-09 13:40:32,kaggle
682,2019-12-09 13:40:32,kaggle
683,2019-12-09 13:40:32,kaggle
684,2019-12-09 13:40:32,kaggle
685,2019-12-09 13:40:32,kaggle
686,2019-12-09 13:40:32,kaggle
687,2019-12-09 13:40:32,kaggle
688,2019-12-09 13:40:32,kaggle
689,2019-12-09 13:40:32,kaggle
690,2019-12-09 13:40:32,kaggle
691,2019-12-09 13:40:32,kaggle
692,2019-12-09 13:40:32,kaggle
693,2019-12-09 13:40:32,kaggle
694,2019-12-09 13:40:32,kaggle
695,2019-12-09 13:40:32,kaggle
696,2019-12-09 13:40:32,kaggle
697,2019-12-09 13:40:32,kaggle
698,2019-12-09 13:40:32,kaggle
699,2019-12-09 13:40:32,kaggle
700,2019-12-09 13:40:32,kaggle
701,2019-12-09 13:40:32,kaggle
702,2019-12-09 13:40:32,kaggle
703,2019-12-09 13:40:32,kaggle
704,2019-12-09 13:40:32,kaggle
705,2019-12-09 13:40:32,kaggle
706,2019-12-09 13:40:32,kaggle
707,2019-12-09 13:40:32,kaggle
708,2019-12-09 13:40:32,kaggle
709,2019-12-09 13:40:32,kaggle
710,2019-12-09 13:40:32,kaggle
711,2019-12-09 13:40:32,kaggle
712,2019-12-09 13:40:32,kaggle
713,2019-12-09 13:40:32,kaggle
714,2019-12-09 13:40:32,kaggle
715,2019-12-09 13:40:32,kaggle
716,2019-12-09 13:40:32,kaggle
717,2019-12-09 13:40:32,kaggle
718,2019-12-09 13:40:32,kaggle
719,2019-12-09 13:40:32,kaggle
720,2019-12-09 13:40:32,kaggle
721,2019-12-09 13:40:32,kaggle
722,2019-12-09 13:40:32,kaggle
723,2019-12-09 13:40:32,kaggle
724,2019-12-09 13:40:32,kaggle
725,2019-12-09 13:40:32,kaggle
726,2019-12-09 13:40:32,kaggle
727,2019-12-09 13:40:32,kaggle
728,2019-12-09 13:40:32,kaggle
729,2019-12-09 13:40:32,kaggle
730,2019-12-09 13:40:32,kaggle
731,2019-12-09 13:40:32,kaggle
732,2019-12-09 13:40:32,kaggle
733,2019-12-09 13:40:32,kaggle
734,2019-12-09 13:40:32,kaggle
735,2019-12-09 13:40:32,kaggle
736,2019-12-09 13:40:32,kaggle
737,2019-12-09 13:40:32,kaggle
738,2019-12-09 13:40:32,kaggle
739,2019-12-09 13:40:32,kaggle
740,2019-12-09 13:40:32,kaggle
741,2019-12-09 13:40:32,kaggle
742,2019-12-09 13:40:32,kaggle
743,2019-12-09 13:40:32,kaggle
744,2019-12-09 13:40:32,kaggle
745,2019-12-09 13:40:32,kaggle
746,2019-12-09 13:40:32,kaggle
747,2019-12-09 13:40:32,kaggle
748,2019-12-09 13:40:32,kaggle
749,2019-12-09 13:40:32,kaggle
750,2019-12-09 13:40:32,kaggle
751,2019-12-09 13:40:32,kaggle
752,2019-12-09 13:40:32,kaggle
753,2019-12-09 13:40:32,kaggle
754,2019-12-09 13:40:32,kaggle
755,2019-12-09 13:40:32,kaggle
756,2019-12-09 13:40:32,kaggle
757,2019-12-09 13:40:32,kaggle
758,2019-12-09 13:40:32,kaggle
759,2019-12-09 13:40:32,kaggle
760,2019-12-09 13:40:32,kaggle
761,2019-12-09 13:40:32,kaggle
762,2019-12-09 13:40:32,kaggle
763,2019-12-09 13:40:32,kaggle
764,2019-12-09 13:40:32,kaggle
765,2019-12-09 13:40:32,kaggle
766,2019-12-09 13:40:32,kaggle
767,2019-12-09 13:40:32,kaggle
768,2019-12-09 13:40:32,kaggle
769,2019-12-09 13:40:32,kaggle
770,2019-12-09 13:40:32,kaggle
771,2019-12-09 13:40:32,kaggle
772,2019-12-09 13:40:32,kaggle
773,2019-12-09 13:40:32,kaggle
774,2019-12-09 13:40:32,kaggle
775,2019-12-09 13:40:32,kaggle
776,2019-12-09 13:40:32,kaggle
777,2019-12-09 13:40:32,kaggle
778,2019-12-09 13:40:32,kaggle
779,2019-12-09 13:40:32,kaggle
780,2019-12-09 13:40:32,kaggle
781,2019-12-09 13:40:32,kaggle
782,2019-12-09 13:40:32,kaggle
783,2019-12-09 13:40:32,kaggle
784,2019-12-09 13:40:32,kaggle
785,2019-12-09 13:40:32,kaggle
786,2019-12-09 13:40:32,kaggle
787,2019-12-09 13:40:32,kaggle
788,2019-12-09 13:40:32,kaggle
789,2019-12-09 13:40:32,kaggle
790,2019-12-09 13:40:32,kaggle
791,2019-12-09 13:40:32,kaggle
792,2019-12-09 13:40:32,kaggle
793,2019-12-09 13:40:32,kaggle
794,2019-12-09 13:40:32,kaggle
795,2019-12-09 13:40:32,kaggle
796,2019-12-09 13:40:32,kaggle
797,2019-12-09 13:40:32,kaggle
798,2019-12-09 13:40:32,kaggle
799,2019-12-09 13:40:32,kaggle
800,2019-12-09 13:40:32,kaggle
801,2019-12-09 13:40:32,kaggle
802,2019-12-09 13:40:32,kaggle
803,2019-12-09 13:40:32,kaggle
804,2019-12-09 13:40:32,kaggle
805,2019-12-09 13:40:32,kaggle
806,2019-12-09 13:40:32,kaggle
807,2019-12-09 13:40:32,kaggle
808,2019-12-09 13:40:32,kaggle
809,2019-12-09 13:40:32,kaggle
810,2019-12-09 13:40:32,kaggle
811,2019-12-09 13:40:32,kaggle
812,2019-12-09 13:40:32,kaggle
813,2019-12-09 13:40:32,kaggle
814,2019-12-09 13:40:32,kaggle
815,2019-12-09 13:40:32,kaggle
816,2019-12-09 13:40:32,kaggle
817,2019-12-09 13:40:32,kaggle
818,2019-12-09 13:40:32,kaggle
819,2019-12-09 13:40:32,kaggle
820,2019-12-09 13:40:32,kaggle
821,2019-12-09 13:40:32,kaggle
822,2019-12-09 13:40:32,kaggle
823,2019-12-09 13:40:32,kaggle
824,2019-12-09 13:40:32,kaggle
825,2019-12-09 13:40:32,kaggle
826,2019-12-09 13:40:32,kaggle
827,2019-12-09 13:40:32,kaggle
828,2019-12-09 13:40:32,kaggle
829,2019-12-09 13:40:32,kaggle
830,2019-12-09 13:40:32,kaggle
831,2019-12-09 13:40:32,kaggle
832,2019-12-09 13:40:32,kaggle
833,2019-12-09 13:40:32,kaggle
834,2019-12-09 13:40:32,kaggle
835,2019-12-09 13:40:32,kaggle
836,2019-12-09 13:40:32,kaggle
837,2019-12-09 13:40:32,kaggle
838,2019-12-09 13:40:32,kaggle
839,2019-12-09 13:40:32,kaggle
840,2019-12-09 13:40:32,kaggle
841,2019-12-09 13:40:32,kaggle
842,2019-12-09 13:40:32,kaggle
843,2019-12-09 13:40:32,kaggle
844,2019-12-09 13:40:32,kaggle
845,2019-12-09 13:40:32,kaggle
846,2019-12-09 13:40:32,kaggle
847,2019-12-09 13:40:32,kaggle
848,2019-12-09 13:40:32,kaggle
849,2019-12-09 13:40:32,kaggle
850,2019-12-09 13:40:32,kaggle
851,2019-12-09 13:40:32,kaggle
852,2019-12-09 13:40:32,kaggle
853,2019-12-09 13:40:32,kaggle
854,2019-12-09 13:40:32,kaggle
855,2019-12-09 13:40:32,kaggle
856,2019-12-09 13:40:32,kaggle
857,2019-12-09 13:40:32,kaggle
858,2019-12-09 13:40:32,kaggle
859,2019-12-09 13:40:32,kaggle
860,2019-12-09 13:40:32,kaggle
861,2019-12-09 13:40:32,kaggle
862,2019-12-09 13:40:32,kaggle
863,2019-12-09 13:40:32,kaggle
864,2019-12-09 13:40:32,kaggle
865,2019-12-09 13:40:32,kaggle
866,2019-12-09 13:40:32,kaggle
867,2019-12-09 13:40:32,kaggle
868,2019-12-09 13:40:32,kaggle
869,2019-12-09 13:40:32,kaggle
870,2019-12-09 13:40:32,kaggle
871,2019-12-09 13:40:32,kaggle
872,2019-12-09 13:40:32,kaggle
873,2019-12-09 13:40:32,kaggle
874,2019-12-09 13:40:32,kaggle
875,2019-12-09 13:40:32,kaggle
876,2019-12-09 13:40:32,kaggle
877,2019-12-09 13:40:32,kaggle
878,2019-12-09 13:40:32,kaggle
879,2019-12-09 13:40:32,kaggle
880,2019-12-09 13:40:32,kaggle
881,2019-12-09 13:40:32,kaggle
882,2019-12-09 13:40:32,kaggle
883,2019-12-09 13:40:32,kaggle
884,2019-12-09 13:40:32,kaggle
885,2019-12-09 13:40:32,kaggle
886,2019-12-09 13:40:32,kaggle
887,2019-12-09 13:40:32,kaggle
888,2019-12-09 13:40:32,kaggle
889,2019-12-09 13:40:32,kaggle
890,2019-12-09 13:40:32,kaggle
891,2019-12-09 13:40:32,kaggle
892,2019-12-09 13:40:32,kaggle
893,2019-12-09 13:40:32,kaggle
894,2019-12-09 13:40:32,kaggle
895,2019-12-09 13:40:32,kaggle
896,2019-12-09 13:40:32,kaggle
897,2019-12-09 13:40:32,kaggle
898,2019-12-09 13:40:32,kaggle
899,2019-12-09 13:40:32,kaggle
900,2019-12-09 13:40:32,kaggle
901,2019-12-09 13:40:32,kaggle
902,2019-12-09 13:40:32,kaggle
903,2019-12-09 13:40:32,kaggle
904,2019-12-09 13:40:32,kaggle
905,2019-12-09 13:40:32,kaggle
906,2019-12-09 13:40:32,kaggle
907,2019-12-09 13:40:32,kaggle
908,2019-12-09 13:40:32,kaggle
909,2019-12-09 13:40:32,kaggle
910,2019-12-09 13:40:32,kaggle
911,2019-12-09 13:40:32,kaggle
912,2019-12-09 13:40:32,kaggle
913,2019-12-09 13:40:32,kaggle
914,2019-12-09 13:40:32,kaggle
915,2019-12-09 13:40:32,kaggle
916,2019-12-09 13:40:32,kaggle
917,2019-12-09 13:40:32,kaggle
918,2019-12-09 13:40:32,kaggle
919,2019-12-09 13:40:32,kaggle
920,2019-12-09 13:40:32,kaggle
921,2019-12-09 13:40:32,kaggle
922,2019-12-09 13:40:32,kaggle
923,2019-12-09 13:40:32,kaggle
924,2019-12-09 13:40:32,kaggle
925,2019-12-09 13:40:32,kaggle
926,2019-12-09 13:40:32,kaggle
927,2019-12-09 13:40:32,kaggle
928,2019-12-09 13:40:32,kaggle
929,2019-12-09 13:40:32,kaggle
930,2019-12-09 13:40:32,kaggle
931,2019-12-09 13:40:32,kaggle
932,2019-12-09 13:40:32,kaggle
933,2019-12-09 13:40:32,kaggle
934,2019-12-09 13:40:32,kaggle
935,2019-12-09 13:40:32,kaggle
936,2019-12-09 13:40:32,kaggle
937,2019-12-09 13:40:32,kaggle
938,2019-12-09 13:40:32,kaggle
939,2019-12-09 13:40:32,kaggle
940,2019-12-09 13:40:32,kaggle
941,2019-12-09 13:40:32,kaggle
942,2019-12-09 13:40:32,kaggle
943,2019-12-09 13:40:32,kaggle
944,2019-12-09 13:40:32,kaggle
945,2019-12-09 13:40:32,kaggle
946,2019-12-09 13:40:32,kaggle
947,2019-12-09 13:40:32,kaggle
948,2019-12-09 13:40:32,kaggle
949,2019-12-09 13:40:32,kaggle
950,2019-12-09 13:40:32,kaggle
951,2019-12-09 13:40:32,kaggle
952,2019-12-09 13:40:32,kaggle
953,2019-12-09 13:40:32,kaggle
954,2019-12-09 13:40:32,kaggle
955,2019-12-09 13:40:32,kaggle
956,2019-12-09 13:40:32,kaggle
957,2019-12-09 13:40:32,kaggle
958,2019-12-09 13:40:32,kaggle
959,2019-12-09 13:40:32,kaggle
960,2019-12-09 13:40:32,kaggle
961,2019-12-09 13:40:32,kaggle
962,2019-12-09 13:40:32,kaggle
963,2019-12-09 13:40:32,kaggle
964,2019-12-09 13:40:32,kaggle
965,2019-12-09 13:40:32,kaggle
966,2019-12-09 13:40:32,kaggle
967,2019-12-09 13:40:32,kaggle
968,2019-12-09 13:40:32,kaggle
969,2019-12-09 13:40:32,kaggle
970,2019-12-09 13:40:32,kaggle
971,2019-12-09 13:40:32,kaggle
972,2019-12-09 13:40:32,kaggle
973,2019-12-09 13:40:32,kaggle
974,2019-12-09 13:40:32,kaggle
975,2019-12-09 13:40:32,kaggle
976,2019-12-09 13:40:32,kaggle
977,2019-12-09 13:40:32,kaggle
978,2019-12-09 13:40:32,kaggle
979,2019-12-09 13:40:32,kaggle
980,2019-12-09 13:40:32,kaggle
981,2019-12-09 13:40:32,kaggle
982,2019-12-09 13:40:32,kaggle
983,2019-12-09 13:40:32,kaggle
984,2019-12-09 13:40:32,kaggle
985,2019-12-09 13:40:32,kaggle
986,2019-12-09 13:40:32,kaggle
987,2019-12-09 13:40:32,kaggle
988,2019-12-09 13:40:32,kaggle
989,2019-12-09 13:40:32,kaggle
990,2019-12-09 13:40:32,kaggle
991,2019-12-09 13:40:32,kaggle
992,2019-12-09 13:40:32,kaggle
993,2019-12-09 13:40:32,kaggle
994,2019-12-09 13:40:32,kaggle
995,2019-12-09 13:40:32,kaggle
996,2019-12-09 13:40:32,kaggle
997,2019-12-09 13:40:32,kaggle
998,2019-12-09 13:40:32,kaggle
999,2019-12-09 13:40:32,kaggle
1000,2019-12-09 13:40:32,kaggle
