user_id,student_id,LoadDateTimeStamp,RecordSource
895,1,31:08:2015,kaggle
68,2,31:08:2015,kaggle
515,3,31:08:2015,kaggle
162,4,31:08:2015,kaggle
816,5,31:08:2015,kaggle
132,6,31:08:2015,kaggle
95,7,31:08:2015,kaggle
261,8,31:08:2015,kaggle
615,9,31:08:2015,kaggle
239,10,31:08:2015,kaggle
396,11,31:08:2015,kaggle
886,12,31:08:2015,kaggle
923,13,31:08:2015,kaggle
840,14,31:08:2015,kaggle
198,15,31:08:2015,kaggle
166,16,31:08:2015,kaggle
392,17,31:08:2015,kaggle
501,18,31:08:2015,kaggle
725,19,31:08:2015,kaggle
191,20,31:08:2015,kaggle
464,21,31:08:2015,kaggle
812,22,31:08:2015,kaggle
790,23,31:08:2015,kaggle
854,24,31:08:2015,kaggle
267,25,31:08:2015,kaggle
721,26,31:08:2015,kaggle
690,27,31:08:2015,kaggle
839,28,31:08:2015,kaggle
477,29,31:08:2015,kaggle
542,30,31:08:2015,kaggle
551,31,31:08:2015,kaggle
566,32,31:08:2015,kaggle
671,33,31:08:2015,kaggle
200,34,31:08:2015,kaggle
63,35,31:08:2015,kaggle
878,36,31:08:2015,kaggle
491,37,31:08:2015,kaggle
329,38,31:08:2015,kaggle
79,39,31:08:2015,kaggle
416,40,31:08:2015,kaggle
744,41,31:08:2015,kaggle
995,42,31:08:2015,kaggle
976,43,31:08:2015,kaggle
489,44,31:08:2015,kaggle
510,45,31:08:2015,kaggle
532,46,31:08:2015,kaggle
856,47,31:08:2015,kaggle
245,48,31:08:2015,kaggle
364,49,31:08:2015,kaggle
703,50,31:08:2015,kaggle
576,51,31:08:2015,kaggle
120,52,31:08:2015,kaggle
286,53,31:08:2015,kaggle
270,54,31:08:2015,kaggle
912,55,31:08:2015,kaggle
253,56,31:08:2015,kaggle
124,57,31:08:2015,kaggle
553,58,31:08:2015,kaggle
977,59,31:08:2015,kaggle
763,60,31:08:2015,kaggle
266,61,31:08:2015,kaggle
563,62,31:08:2015,kaggle
57,63,31:08:2015,kaggle
968,64,31:08:2015,kaggle
820,65,31:08:2015,kaggle
433,66,31:08:2015,kaggle
2,67,31:08:2015,kaggle
11,68,31:08:2015,kaggle
956,69,31:08:2015,kaggle
813,70,31:08:2015,kaggle
419,71,31:08:2015,kaggle
111,72,31:08:2015,kaggle
503,73,31:08:2015,kaggle
202,74,31:08:2015,kaggle
412,75,31:08:2015,kaggle
981,76,31:08:2015,kaggle
400,77,31:08:2015,kaggle
141,78,31:08:2015,kaggle
5,79,31:08:2015,kaggle
937,80,31:08:2015,kaggle
317,81,31:08:2015,kaggle
71,82,31:08:2015,kaggle
951,83,31:08:2015,kaggle
149,84,31:08:2015,kaggle
188,85,31:08:2015,kaggle
666,86,31:08:2015,kaggle
370,87,31:08:2015,kaggle
7,88,31:08:2015,kaggle
254,89,31:08:2015,kaggle
995,90,31:08:2015,kaggle
751,91,31:08:2015,kaggle
94,92,31:08:2015,kaggle
270,93,31:08:2015,kaggle
606,94,31:08:2015,kaggle
851,95,31:08:2015,kaggle
893,96,31:08:2015,kaggle
485,97,31:08:2015,kaggle
554,98,31:08:2015,kaggle
96,99,31:08:2015,kaggle
4,100,31:08:2015,kaggle
680,101,31:08:2015,kaggle
973,102,31:08:2015,kaggle
68,103,31:08:2015,kaggle
234,104,31:08:2015,kaggle
700,105,31:08:2015,kaggle
511,106,31:08:2015,kaggle
572,107,31:08:2015,kaggle
952,108,31:08:2015,kaggle
911,109,31:08:2015,kaggle
935,110,31:08:2015,kaggle
880,111,31:08:2015,kaggle
579,112,31:08:2015,kaggle
108,113,31:08:2015,kaggle
282,114,31:08:2015,kaggle
736,115,31:08:2015,kaggle
252,116,31:08:2015,kaggle
55,117,31:08:2015,kaggle
574,118,31:08:2015,kaggle
882,119,31:08:2015,kaggle
436,120,31:08:2015,kaggle
821,121,31:08:2015,kaggle
113,122,31:08:2015,kaggle
930,123,31:08:2015,kaggle
964,124,31:08:2015,kaggle
999,125,31:08:2015,kaggle
43,126,31:08:2015,kaggle
668,127,31:08:2015,kaggle
367,128,31:08:2015,kaggle
361,129,31:08:2015,kaggle
155,130,31:08:2015,kaggle
222,131,31:08:2015,kaggle
528,132,31:08:2015,kaggle
927,133,31:08:2015,kaggle
487,134,31:08:2015,kaggle
253,135,31:08:2015,kaggle
260,136,31:08:2015,kaggle
120,137,31:08:2015,kaggle
621,138,31:08:2015,kaggle
473,139,31:08:2015,kaggle
822,140,31:08:2015,kaggle
338,141,31:08:2015,kaggle
272,142,31:08:2015,kaggle
206,143,31:08:2015,kaggle
282,144,31:08:2015,kaggle
619,145,31:08:2015,kaggle
688,146,31:08:2015,kaggle
847,147,31:08:2015,kaggle
314,148,31:08:2015,kaggle
977,149,31:08:2015,kaggle
701,150,31:08:2015,kaggle
354,151,31:08:2015,kaggle
865,152,31:08:2015,kaggle
978,153,31:08:2015,kaggle
396,154,31:08:2015,kaggle
675,155,31:08:2015,kaggle
278,156,31:08:2015,kaggle
855,157,31:08:2015,kaggle
376,158,31:08:2015,kaggle
947,159,31:08:2015,kaggle
291,160,31:08:2015,kaggle
545,161,31:08:2015,kaggle
127,162,31:08:2015,kaggle
483,163,31:08:2015,kaggle
376,164,31:08:2015,kaggle
533,165,31:08:2015,kaggle
132,166,31:08:2015,kaggle
731,167,31:08:2015,kaggle
272,168,31:08:2015,kaggle
171,169,31:08:2015,kaggle
12,170,31:08:2015,kaggle
134,171,31:08:2015,kaggle
367,172,31:08:2015,kaggle
221,173,31:08:2015,kaggle
93,174,31:08:2015,kaggle
53,175,31:08:2015,kaggle
479,176,31:08:2015,kaggle
172,177,31:08:2015,kaggle
947,178,31:08:2015,kaggle
578,179,31:08:2015,kaggle
104,180,31:08:2015,kaggle
877,181,31:08:2015,kaggle
118,182,31:08:2015,kaggle
389,183,31:08:2015,kaggle
488,184,31:08:2015,kaggle
808,185,31:08:2015,kaggle
381,186,31:08:2015,kaggle
157,187,31:08:2015,kaggle
109,188,31:08:2015,kaggle
719,189,31:08:2015,kaggle
130,190,31:08:2015,kaggle
591,191,31:08:2015,kaggle
304,192,31:08:2015,kaggle
289,193,31:08:2015,kaggle
208,194,31:08:2015,kaggle
519,195,31:08:2015,kaggle
658,196,31:08:2015,kaggle
76,197,31:08:2015,kaggle
569,198,31:08:2015,kaggle
223,199,31:08:2015,kaggle
112,200,31:08:2015,kaggle
760,201,31:08:2015,kaggle
553,202,31:08:2015,kaggle
378,203,31:08:2015,kaggle
891,204,31:08:2015,kaggle
233,205,31:08:2015,kaggle
437,206,31:08:2015,kaggle
687,207,31:08:2015,kaggle
189,208,31:08:2015,kaggle
518,209,31:08:2015,kaggle
406,210,31:08:2015,kaggle
734,211,31:08:2015,kaggle
519,212,31:08:2015,kaggle
910,213,31:08:2015,kaggle
12,214,31:08:2015,kaggle
614,215,31:08:2015,kaggle
716,216,31:08:2015,kaggle
793,217,31:08:2015,kaggle
419,218,31:08:2015,kaggle
242,219,31:08:2015,kaggle
292,220,31:08:2015,kaggle
554,221,31:08:2015,kaggle
378,222,31:08:2015,kaggle
979,223,31:08:2015,kaggle
238,224,31:08:2015,kaggle
836,225,31:08:2015,kaggle
397,226,31:08:2015,kaggle
31,227,31:08:2015,kaggle
534,228,31:08:2015,kaggle
1,229,31:08:2015,kaggle
383,230,31:08:2015,kaggle
44,231,31:08:2015,kaggle
251,232,31:08:2015,kaggle
769,233,31:08:2015,kaggle
707,234,31:08:2015,kaggle
327,235,31:08:2015,kaggle
347,236,31:08:2015,kaggle
513,237,31:08:2015,kaggle
680,238,31:08:2015,kaggle
561,239,31:08:2015,kaggle
652,240,31:08:2015,kaggle
182,241,31:08:2015,kaggle
178,242,31:08:2015,kaggle
760,243,31:08:2015,kaggle
781,244,31:08:2015,kaggle
111,245,31:08:2015,kaggle
738,246,31:08:2015,kaggle
241,247,31:08:2015,kaggle
869,248,31:08:2015,kaggle
389,249,31:08:2015,kaggle
417,250,31:08:2015,kaggle
219,251,31:08:2015,kaggle
855,252,31:08:2015,kaggle
230,253,31:08:2015,kaggle
586,254,31:08:2015,kaggle
927,255,31:08:2015,kaggle
87,256,31:08:2015,kaggle
948,257,31:08:2015,kaggle
399,258,31:08:2015,kaggle
21,259,31:08:2015,kaggle
6,260,31:08:2015,kaggle
142,261,31:08:2015,kaggle
139,262,31:08:2015,kaggle
233,263,31:08:2015,kaggle
117,264,31:08:2015,kaggle
235,265,31:08:2015,kaggle
246,266,31:08:2015,kaggle
384,267,31:08:2015,kaggle
472,268,31:08:2015,kaggle
452,269,31:08:2015,kaggle
623,270,31:08:2015,kaggle
398,271,31:08:2015,kaggle
58,272,31:08:2015,kaggle
835,273,31:08:2015,kaggle
412,274,31:08:2015,kaggle
459,275,31:08:2015,kaggle
198,276,31:08:2015,kaggle
343,277,31:08:2015,kaggle
751,278,31:08:2015,kaggle
168,279,31:08:2015,kaggle
436,280,31:08:2015,kaggle
329,281,31:08:2015,kaggle
526,282,31:08:2015,kaggle
771,283,31:08:2015,kaggle
880,284,31:08:2015,kaggle
704,285,31:08:2015,kaggle
288,286,31:08:2015,kaggle
921,287,31:08:2015,kaggle
641,288,31:08:2015,kaggle
738,289,31:08:2015,kaggle
839,290,31:08:2015,kaggle
482,291,31:08:2015,kaggle
161,292,31:08:2015,kaggle
47,293,31:08:2015,kaggle
401,294,31:08:2015,kaggle
49,295,31:08:2015,kaggle
865,296,31:08:2015,kaggle
250,297,31:08:2015,kaggle
328,298,31:08:2015,kaggle
38,299,31:08:2015,kaggle
10,300,31:08:2015,kaggle
295,301,31:08:2015,kaggle
616,302,31:08:2015,kaggle
16,303,31:08:2015,kaggle
947,304,31:08:2015,kaggle
533,305,31:08:2015,kaggle
954,306,31:08:2015,kaggle
994,307,31:08:2015,kaggle
4,308,31:08:2015,kaggle
72,309,31:08:2015,kaggle
509,310,31:08:2015,kaggle
422,311,31:08:2015,kaggle
959,312,31:08:2015,kaggle
482,313,31:08:2015,kaggle
348,314,31:08:2015,kaggle
870,315,31:08:2015,kaggle
386,316,31:08:2015,kaggle
132,317,31:08:2015,kaggle
833,318,31:08:2015,kaggle
276,319,31:08:2015,kaggle
105,320,31:08:2015,kaggle
570,321,31:08:2015,kaggle
192,322,31:08:2015,kaggle
995,323,31:08:2015,kaggle
753,324,31:08:2015,kaggle
556,325,31:08:2015,kaggle
341,326,31:08:2015,kaggle
929,327,31:08:2015,kaggle
501,328,31:08:2015,kaggle
756,329,31:08:2015,kaggle
942,330,31:08:2015,kaggle
781,331,31:08:2015,kaggle
486,332,31:08:2015,kaggle
973,333,31:08:2015,kaggle
884,334,31:08:2015,kaggle
550,335,31:08:2015,kaggle
12,336,31:08:2015,kaggle
315,337,31:08:2015,kaggle
249,338,31:08:2015,kaggle
477,339,31:08:2015,kaggle
363,340,31:08:2015,kaggle
734,341,31:08:2015,kaggle
425,342,31:08:2015,kaggle
709,343,31:08:2015,kaggle
221,344,31:08:2015,kaggle
711,345,31:08:2015,kaggle
962,346,31:08:2015,kaggle
338,347,31:08:2015,kaggle
218,348,31:08:2015,kaggle
738,349,31:08:2015,kaggle
1000,350,31:08:2015,kaggle
407,351,31:08:2015,kaggle
39,352,31:08:2015,kaggle
72,353,31:08:2015,kaggle
527,354,31:08:2015,kaggle
319,355,31:08:2015,kaggle
447,356,31:08:2015,kaggle
510,357,31:08:2015,kaggle
341,358,31:08:2015,kaggle
655,359,31:08:2015,kaggle
405,360,31:08:2015,kaggle
584,361,31:08:2015,kaggle
203,362,31:08:2015,kaggle
964,363,31:08:2015,kaggle
413,364,31:08:2015,kaggle
139,365,31:08:2015,kaggle
177,366,31:08:2015,kaggle
195,367,31:08:2015,kaggle
174,368,31:08:2015,kaggle
586,369,31:08:2015,kaggle
904,370,31:08:2015,kaggle
946,371,31:08:2015,kaggle
154,372,31:08:2015,kaggle
487,373,31:08:2015,kaggle
911,374,31:08:2015,kaggle
519,375,31:08:2015,kaggle
80,376,31:08:2015,kaggle
839,377,31:08:2015,kaggle
122,378,31:08:2015,kaggle
999,379,31:08:2015,kaggle
620,380,31:08:2015,kaggle
706,381,31:08:2015,kaggle
411,382,31:08:2015,kaggle
923,383,31:08:2015,kaggle
80,384,31:08:2015,kaggle
826,385,31:08:2015,kaggle
444,386,31:08:2015,kaggle
35,387,31:08:2015,kaggle
806,388,31:08:2015,kaggle
747,389,31:08:2015,kaggle
421,390,31:08:2015,kaggle
646,391,31:08:2015,kaggle
968,392,31:08:2015,kaggle
352,393,31:08:2015,kaggle
287,394,31:08:2015,kaggle
740,395,31:08:2015,kaggle
240,396,31:08:2015,kaggle
554,397,31:08:2015,kaggle
509,398,31:08:2015,kaggle
566,399,31:08:2015,kaggle
914,400,31:08:2015,kaggle
693,401,31:08:2015,kaggle
896,402,31:08:2015,kaggle
211,403,31:08:2015,kaggle
2,404,31:08:2015,kaggle
580,405,31:08:2015,kaggle
831,406,31:08:2015,kaggle
807,407,31:08:2015,kaggle
732,408,31:08:2015,kaggle
5,409,31:08:2015,kaggle
67,410,31:08:2015,kaggle
998,411,31:08:2015,kaggle
793,412,31:08:2015,kaggle
362,413,31:08:2015,kaggle
162,414,31:08:2015,kaggle
327,415,31:08:2015,kaggle
653,416,31:08:2015,kaggle
226,417,31:08:2015,kaggle
317,418,31:08:2015,kaggle
345,419,31:08:2015,kaggle
791,420,31:08:2015,kaggle
47,421,31:08:2015,kaggle
668,422,31:08:2015,kaggle
459,423,31:08:2015,kaggle
309,424,31:08:2015,kaggle
676,425,31:08:2015,kaggle
891,426,31:08:2015,kaggle
520,427,31:08:2015,kaggle
18,428,31:08:2015,kaggle
797,429,31:08:2015,kaggle
552,430,31:08:2015,kaggle
512,431,31:08:2015,kaggle
71,432,31:08:2015,kaggle
775,433,31:08:2015,kaggle
194,434,31:08:2015,kaggle
974,435,31:08:2015,kaggle
107,436,31:08:2015,kaggle
29,437,31:08:2015,kaggle
70,438,31:08:2015,kaggle
531,439,31:08:2015,kaggle
357,440,31:08:2015,kaggle
510,441,31:08:2015,kaggle
195,442,31:08:2015,kaggle
771,443,31:08:2015,kaggle
16,444,31:08:2015,kaggle
763,445,31:08:2015,kaggle
523,446,31:08:2015,kaggle
343,447,31:08:2015,kaggle
231,448,31:08:2015,kaggle
542,449,31:08:2015,kaggle
951,450,31:08:2015,kaggle
768,451,31:08:2015,kaggle
634,452,31:08:2015,kaggle
209,453,31:08:2015,kaggle
860,454,31:08:2015,kaggle
653,455,31:08:2015,kaggle
722,456,31:08:2015,kaggle
712,457,31:08:2015,kaggle
727,458,31:08:2015,kaggle
335,459,31:08:2015,kaggle
394,460,31:08:2015,kaggle
175,461,31:08:2015,kaggle
210,462,31:08:2015,kaggle
244,463,31:08:2015,kaggle
635,464,31:08:2015,kaggle
513,465,31:08:2015,kaggle
262,466,31:08:2015,kaggle
369,467,31:08:2015,kaggle
99,468,31:08:2015,kaggle
138,469,31:08:2015,kaggle
889,470,31:08:2015,kaggle
735,471,31:08:2015,kaggle
985,472,31:08:2015,kaggle
401,473,31:08:2015,kaggle
221,474,31:08:2015,kaggle
798,475,31:08:2015,kaggle
745,476,31:08:2015,kaggle
130,477,31:08:2015,kaggle
858,478,31:08:2015,kaggle
299,479,31:08:2015,kaggle
564,480,31:08:2015,kaggle
434,481,31:08:2015,kaggle
275,482,31:08:2015,kaggle
25,483,31:08:2015,kaggle
233,484,31:08:2015,kaggle
838,485,31:08:2015,kaggle
12,486,31:08:2015,kaggle
397,487,31:08:2015,kaggle
477,488,31:08:2015,kaggle
378,489,31:08:2015,kaggle
50,490,31:08:2015,kaggle
904,491,31:08:2015,kaggle
688,492,31:08:2015,kaggle
747,493,31:08:2015,kaggle
241,494,31:08:2015,kaggle
201,495,31:08:2015,kaggle
511,496,31:08:2015,kaggle
615,497,31:08:2015,kaggle
648,498,31:08:2015,kaggle
638,499,31:08:2015,kaggle
523,500,31:08:2015,kaggle
643,501,31:08:2015,kaggle
218,502,31:08:2015,kaggle
576,503,31:08:2015,kaggle
857,504,31:08:2015,kaggle
567,505,31:08:2015,kaggle
374,506,31:08:2015,kaggle
460,507,31:08:2015,kaggle
695,508,31:08:2015,kaggle
919,509,31:08:2015,kaggle
927,510,31:08:2015,kaggle
375,511,31:08:2015,kaggle
538,512,31:08:2015,kaggle
699,513,31:08:2015,kaggle
361,514,31:08:2015,kaggle
832,515,31:08:2015,kaggle
3,516,31:08:2015,kaggle
683,517,31:08:2015,kaggle
19,518,31:08:2015,kaggle
377,519,31:08:2015,kaggle
129,520,31:08:2015,kaggle
939,521,31:08:2015,kaggle
586,522,31:08:2015,kaggle
74,523,31:08:2015,kaggle
850,524,31:08:2015,kaggle
719,525,31:08:2015,kaggle
839,526,31:08:2015,kaggle
448,527,31:08:2015,kaggle
456,528,31:08:2015,kaggle
9,529,31:08:2015,kaggle
953,530,31:08:2015,kaggle
635,531,31:08:2015,kaggle
611,532,31:08:2015,kaggle
148,533,31:08:2015,kaggle
646,534,31:08:2015,kaggle
240,535,31:08:2015,kaggle
709,536,31:08:2015,kaggle
201,537,31:08:2015,kaggle
517,538,31:08:2015,kaggle
481,539,31:08:2015,kaggle
28,540,31:08:2015,kaggle
462,541,31:08:2015,kaggle
324,542,31:08:2015,kaggle
204,543,31:08:2015,kaggle
13,544,31:08:2015,kaggle
933,545,31:08:2015,kaggle
882,546,31:08:2015,kaggle
784,547,31:08:2015,kaggle
89,548,31:08:2015,kaggle
743,549,31:08:2015,kaggle
111,550,31:08:2015,kaggle
626,551,31:08:2015,kaggle
208,552,31:08:2015,kaggle
46,553,31:08:2015,kaggle
453,554,31:08:2015,kaggle
627,555,31:08:2015,kaggle
438,556,31:08:2015,kaggle
899,557,31:08:2015,kaggle
45,558,31:08:2015,kaggle
487,559,31:08:2015,kaggle
797,560,31:08:2015,kaggle
78,561,31:08:2015,kaggle
248,562,31:08:2015,kaggle
877,563,31:08:2015,kaggle
396,564,31:08:2015,kaggle
828,565,31:08:2015,kaggle
433,566,31:08:2015,kaggle
59,567,31:08:2015,kaggle
416,568,31:08:2015,kaggle
294,569,31:08:2015,kaggle
231,570,31:08:2015,kaggle
314,571,31:08:2015,kaggle
440,572,31:08:2015,kaggle
413,573,31:08:2015,kaggle
399,574,31:08:2015,kaggle
48,575,31:08:2015,kaggle
714,576,31:08:2015,kaggle
150,577,31:08:2015,kaggle
765,578,31:08:2015,kaggle
862,579,31:08:2015,kaggle
970,580,31:08:2015,kaggle
367,581,31:08:2015,kaggle
930,582,31:08:2015,kaggle
280,583,31:08:2015,kaggle
250,584,31:08:2015,kaggle
686,585,31:08:2015,kaggle
900,586,31:08:2015,kaggle
1,587,31:08:2015,kaggle
523,588,31:08:2015,kaggle
749,589,31:08:2015,kaggle
201,590,31:08:2015,kaggle
286,591,31:08:2015,kaggle
724,592,31:08:2015,kaggle
833,593,31:08:2015,kaggle
132,594,31:08:2015,kaggle
802,595,31:08:2015,kaggle
336,596,31:08:2015,kaggle
362,597,31:08:2015,kaggle
937,598,31:08:2015,kaggle
288,599,31:08:2015,kaggle
958,600,31:08:2015,kaggle
178,601,31:08:2015,kaggle
689,602,31:08:2015,kaggle
429,603,31:08:2015,kaggle
223,604,31:08:2015,kaggle
679,605,31:08:2015,kaggle
435,606,31:08:2015,kaggle
535,607,31:08:2015,kaggle
805,608,31:08:2015,kaggle
95,609,31:08:2015,kaggle
764,610,31:08:2015,kaggle
365,611,31:08:2015,kaggle
224,612,31:08:2015,kaggle
690,613,31:08:2015,kaggle
820,614,31:08:2015,kaggle
713,615,31:08:2015,kaggle
997,616,31:08:2015,kaggle
28,617,31:08:2015,kaggle
484,618,31:08:2015,kaggle
406,619,31:08:2015,kaggle
103,620,31:08:2015,kaggle
676,621,31:08:2015,kaggle
424,622,31:08:2015,kaggle
246,623,31:08:2015,kaggle
538,624,31:08:2015,kaggle
464,625,31:08:2015,kaggle
683,626,31:08:2015,kaggle
756,627,31:08:2015,kaggle
3,628,31:08:2015,kaggle
91,629,31:08:2015,kaggle
606,630,31:08:2015,kaggle
803,631,31:08:2015,kaggle
961,632,31:08:2015,kaggle
618,633,31:08:2015,kaggle
724,634,31:08:2015,kaggle
444,635,31:08:2015,kaggle
520,636,31:08:2015,kaggle
43,637,31:08:2015,kaggle
826,638,31:08:2015,kaggle
259,639,31:08:2015,kaggle
710,640,31:08:2015,kaggle
787,641,31:08:2015,kaggle
657,642,31:08:2015,kaggle
211,643,31:08:2015,kaggle
619,644,31:08:2015,kaggle
612,645,31:08:2015,kaggle
736,646,31:08:2015,kaggle
8,647,31:08:2015,kaggle
397,648,31:08:2015,kaggle
20,649,31:08:2015,kaggle
220,650,31:08:2015,kaggle
920,651,31:08:2015,kaggle
714,652,31:08:2015,kaggle
947,653,31:08:2015,kaggle
268,654,31:08:2015,kaggle
209,655,31:08:2015,kaggle
321,656,31:08:2015,kaggle
267,657,31:08:2015,kaggle
696,658,31:08:2015,kaggle
784,659,31:08:2015,kaggle
699,660,31:08:2015,kaggle
945,661,31:08:2015,kaggle
413,662,31:08:2015,kaggle
806,663,31:08:2015,kaggle
637,664,31:08:2015,kaggle
333,665,31:08:2015,kaggle
381,666,31:08:2015,kaggle
355,667,31:08:2015,kaggle
677,668,31:08:2015,kaggle
431,669,31:08:2015,kaggle
473,670,31:08:2015,kaggle
180,671,31:08:2015,kaggle
917,672,31:08:2015,kaggle
49,673,31:08:2015,kaggle
876,674,31:08:2015,kaggle
503,675,31:08:2015,kaggle
315,676,31:08:2015,kaggle
383,677,31:08:2015,kaggle
691,678,31:08:2015,kaggle
962,679,31:08:2015,kaggle
446,680,31:08:2015,kaggle
312,681,31:08:2015,kaggle
95,682,31:08:2015,kaggle
990,683,31:08:2015,kaggle
212,684,31:08:2015,kaggle
752,685,31:08:2015,kaggle
189,686,31:08:2015,kaggle
369,687,31:08:2015,kaggle
794,688,31:08:2015,kaggle
499,689,31:08:2015,kaggle
288,690,31:08:2015,kaggle
276,691,31:08:2015,kaggle
952,692,31:08:2015,kaggle
527,693,31:08:2015,kaggle
70,694,31:08:2015,kaggle
212,695,31:08:2015,kaggle
977,696,31:08:2015,kaggle
985,697,31:08:2015,kaggle
343,698,31:08:2015,kaggle
349,699,31:08:2015,kaggle
767,700,31:08:2015,kaggle
277,701,31:08:2015,kaggle
583,702,31:08:2015,kaggle
759,703,31:08:2015,kaggle
264,704,31:08:2015,kaggle
471,705,31:08:2015,kaggle
358,706,31:08:2015,kaggle
222,707,31:08:2015,kaggle
953,708,31:08:2015,kaggle
303,709,31:08:2015,kaggle
822,710,31:08:2015,kaggle
783,711,31:08:2015,kaggle
347,712,31:08:2015,kaggle
379,713,31:08:2015,kaggle
574,714,31:08:2015,kaggle
271,715,31:08:2015,kaggle
35,716,31:08:2015,kaggle
824,717,31:08:2015,kaggle
786,718,31:08:2015,kaggle
126,719,31:08:2015,kaggle
803,720,31:08:2015,kaggle
882,721,31:08:2015,kaggle
430,722,31:08:2015,kaggle
45,723,31:08:2015,kaggle
320,724,31:08:2015,kaggle
68,725,31:08:2015,kaggle
708,726,31:08:2015,kaggle
753,727,31:08:2015,kaggle
903,728,31:08:2015,kaggle
890,729,31:08:2015,kaggle
847,730,31:08:2015,kaggle
518,731,31:08:2015,kaggle
728,732,31:08:2015,kaggle
931,733,31:08:2015,kaggle
194,734,31:08:2015,kaggle
102,735,31:08:2015,kaggle
610,736,31:08:2015,kaggle
791,737,31:08:2015,kaggle
156,738,31:08:2015,kaggle
785,739,31:08:2015,kaggle
120,740,31:08:2015,kaggle
500,741,31:08:2015,kaggle
962,742,31:08:2015,kaggle
619,743,31:08:2015,kaggle
666,744,31:08:2015,kaggle
942,745,31:08:2015,kaggle
240,746,31:08:2015,kaggle
907,747,31:08:2015,kaggle
231,748,31:08:2015,kaggle
279,749,31:08:2015,kaggle
105,750,31:08:2015,kaggle
940,751,31:08:2015,kaggle
46,752,31:08:2015,kaggle
507,753,31:08:2015,kaggle
602,754,31:08:2015,kaggle
379,755,31:08:2015,kaggle
648,756,31:08:2015,kaggle
954,757,31:08:2015,kaggle
820,758,31:08:2015,kaggle
447,759,31:08:2015,kaggle
209,760,31:08:2015,kaggle
776,761,31:08:2015,kaggle
611,762,31:08:2015,kaggle
987,763,31:08:2015,kaggle
731,764,31:08:2015,kaggle
462,765,31:08:2015,kaggle
508,766,31:08:2015,kaggle
260,767,31:08:2015,kaggle
620,768,31:08:2015,kaggle
794,769,31:08:2015,kaggle
404,770,31:08:2015,kaggle
695,771,31:08:2015,kaggle
953,772,31:08:2015,kaggle
643,773,31:08:2015,kaggle
235,774,31:08:2015,kaggle
902,775,31:08:2015,kaggle
791,776,31:08:2015,kaggle
760,777,31:08:2015,kaggle
233,778,31:08:2015,kaggle
563,779,31:08:2015,kaggle
136,780,31:08:2015,kaggle
272,781,31:08:2015,kaggle
644,782,31:08:2015,kaggle
614,783,31:08:2015,kaggle
893,784,31:08:2015,kaggle
573,785,31:08:2015,kaggle
558,786,31:08:2015,kaggle
334,787,31:08:2015,kaggle
439,788,31:08:2015,kaggle
200,789,31:08:2015,kaggle
971,790,31:08:2015,kaggle
128,791,31:08:2015,kaggle
362,792,31:08:2015,kaggle
363,793,31:08:2015,kaggle
983,794,31:08:2015,kaggle
870,795,31:08:2015,kaggle
252,796,31:08:2015,kaggle
273,797,31:08:2015,kaggle
159,798,31:08:2015,kaggle
470,799,31:08:2015,kaggle
205,800,31:08:2015,kaggle
851,801,31:08:2015,kaggle
633,802,31:08:2015,kaggle
316,803,31:08:2015,kaggle
374,804,31:08:2015,kaggle
47,805,31:08:2015,kaggle
838,806,31:08:2015,kaggle
526,807,31:08:2015,kaggle
670,808,31:08:2015,kaggle
189,809,31:08:2015,kaggle
263,810,31:08:2015,kaggle
703,811,31:08:2015,kaggle
646,812,31:08:2015,kaggle
531,813,31:08:2015,kaggle
96,814,31:08:2015,kaggle
773,815,31:08:2015,kaggle
460,816,31:08:2015,kaggle
429,817,31:08:2015,kaggle
553,818,31:08:2015,kaggle
532,819,31:08:2015,kaggle
255,820,31:08:2015,kaggle
47,821,31:08:2015,kaggle
138,822,31:08:2015,kaggle
552,823,31:08:2015,kaggle
582,824,31:08:2015,kaggle
95,825,31:08:2015,kaggle
793,826,31:08:2015,kaggle
442,827,31:08:2015,kaggle
947,828,31:08:2015,kaggle
788,829,31:08:2015,kaggle
292,830,31:08:2015,kaggle
269,831,31:08:2015,kaggle
521,832,31:08:2015,kaggle
903,833,31:08:2015,kaggle
306,834,31:08:2015,kaggle
103,835,31:08:2015,kaggle
842,836,31:08:2015,kaggle
215,837,31:08:2015,kaggle
618,838,31:08:2015,kaggle
704,839,31:08:2015,kaggle
286,840,31:08:2015,kaggle
278,841,31:08:2015,kaggle
223,842,31:08:2015,kaggle
878,843,31:08:2015,kaggle
490,844,31:08:2015,kaggle
688,845,31:08:2015,kaggle
208,846,31:08:2015,kaggle
379,847,31:08:2015,kaggle
800,848,31:08:2015,kaggle
618,849,31:08:2015,kaggle
278,850,31:08:2015,kaggle
243,851,31:08:2015,kaggle
25,852,31:08:2015,kaggle
885,853,31:08:2015,kaggle
714,854,31:08:2015,kaggle
375,855,31:08:2015,kaggle
830,856,31:08:2015,kaggle
820,857,31:08:2015,kaggle
434,858,31:08:2015,kaggle
417,859,31:08:2015,kaggle
254,860,31:08:2015,kaggle
984,861,31:08:2015,kaggle
625,862,31:08:2015,kaggle
461,863,31:08:2015,kaggle
579,864,31:08:2015,kaggle
679,865,31:08:2015,kaggle
526,866,31:08:2015,kaggle
900,867,31:08:2015,kaggle
89,868,31:08:2015,kaggle
185,869,31:08:2015,kaggle
167,870,31:08:2015,kaggle
756,871,31:08:2015,kaggle
190,872,31:08:2015,kaggle
321,873,31:08:2015,kaggle
494,874,31:08:2015,kaggle
238,875,31:08:2015,kaggle
472,876,31:08:2015,kaggle
825,877,31:08:2015,kaggle
139,878,31:08:2015,kaggle
53,879,31:08:2015,kaggle
857,880,31:08:2015,kaggle
671,881,31:08:2015,kaggle
806,882,31:08:2015,kaggle
177,883,31:08:2015,kaggle
730,884,31:08:2015,kaggle
247,885,31:08:2015,kaggle
455,886,31:08:2015,kaggle
90,887,31:08:2015,kaggle
687,888,31:08:2015,kaggle
582,889,31:08:2015,kaggle
140,890,31:08:2015,kaggle
693,891,31:08:2015,kaggle
989,892,31:08:2015,kaggle
210,893,31:08:2015,kaggle
846,894,31:08:2015,kaggle
56,895,31:08:2015,kaggle
652,896,31:08:2015,kaggle
435,897,31:08:2015,kaggle
450,898,31:08:2015,kaggle
603,899,31:08:2015,kaggle
128,900,31:08:2015,kaggle
293,901,31:08:2015,kaggle
177,902,31:08:2015,kaggle
602,903,31:08:2015,kaggle
872,904,31:08:2015,kaggle
531,905,31:08:2015,kaggle
283,906,31:08:2015,kaggle
356,907,31:08:2015,kaggle
243,908,31:08:2015,kaggle
725,909,31:08:2015,kaggle
391,910,31:08:2015,kaggle
68,911,31:08:2015,kaggle
299,912,31:08:2015,kaggle
688,913,31:08:2015,kaggle
539,914,31:08:2015,kaggle
950,915,31:08:2015,kaggle
630,916,31:08:2015,kaggle
410,917,31:08:2015,kaggle
817,918,31:08:2015,kaggle
651,919,31:08:2015,kaggle
745,920,31:08:2015,kaggle
181,921,31:08:2015,kaggle
6,922,31:08:2015,kaggle
831,923,31:08:2015,kaggle
133,924,31:08:2015,kaggle
876,925,31:08:2015,kaggle
536,926,31:08:2015,kaggle
663,927,31:08:2015,kaggle
837,928,31:08:2015,kaggle
141,929,31:08:2015,kaggle
370,930,31:08:2015,kaggle
218,931,31:08:2015,kaggle
261,932,31:08:2015,kaggle
395,933,31:08:2015,kaggle
231,934,31:08:2015,kaggle
924,935,31:08:2015,kaggle
596,936,31:08:2015,kaggle
187,937,31:08:2015,kaggle
459,938,31:08:2015,kaggle
716,939,31:08:2015,kaggle
259,940,31:08:2015,kaggle
135,941,31:08:2015,kaggle
233,942,31:08:2015,kaggle
616,943,31:08:2015,kaggle
773,944,31:08:2015,kaggle
499,945,31:08:2015,kaggle
687,946,31:08:2015,kaggle
331,947,31:08:2015,kaggle
149,948,31:08:2015,kaggle
78,949,31:08:2015,kaggle
157,950,31:08:2015,kaggle
376,951,31:08:2015,kaggle
64,952,31:08:2015,kaggle
649,953,31:08:2015,kaggle
872,954,31:08:2015,kaggle
562,955,31:08:2015,kaggle
532,956,31:08:2015,kaggle
535,957,31:08:2015,kaggle
199,958,31:08:2015,kaggle
216,959,31:08:2015,kaggle
854,960,31:08:2015,kaggle
288,961,31:08:2015,kaggle
613,962,31:08:2015,kaggle
932,963,31:08:2015,kaggle
337,964,31:08:2015,kaggle
177,965,31:08:2015,kaggle
373,966,31:08:2015,kaggle
84,967,31:08:2015,kaggle
538,968,31:08:2015,kaggle
427,969,31:08:2015,kaggle
835,970,31:08:2015,kaggle
290,971,31:08:2015,kaggle
613,972,31:08:2015,kaggle
808,973,31:08:2015,kaggle
166,974,31:08:2015,kaggle
980,975,31:08:2015,kaggle
5,976,31:08:2015,kaggle
446,977,31:08:2015,kaggle
480,978,31:08:2015,kaggle
491,979,31:08:2015,kaggle
420,980,31:08:2015,kaggle
495,981,31:08:2015,kaggle
781,982,31:08:2015,kaggle
434,983,31:08:2015,kaggle
949,984,31:08:2015,kaggle
596,985,31:08:2015,kaggle
427,986,31:08:2015,kaggle
104,987,31:08:2015,kaggle
462,988,31:08:2015,kaggle
570,989,31:08:2015,kaggle
803,990,31:08:2015,kaggle
874,991,31:08:2015,kaggle
944,992,31:08:2015,kaggle
45,993,31:08:2015,kaggle
478,994,31:08:2015,kaggle
75,995,31:08:2015,kaggle
219,996,31:08:2015,kaggle
884,997,31:08:2015,kaggle
298,998,31:08:2015,kaggle
157,999,31:08:2015,kaggle
542,1000,31:08:2015,kaggle
337,1001,31:08:2015,kaggle
870,1002,31:08:2015,kaggle
199,1003,31:08:2015,kaggle
142,1004,31:08:2015,kaggle
995,1005,31:08:2015,kaggle
429,1006,31:08:2015,kaggle
524,1007,31:08:2015,kaggle
730,1008,31:08:2015,kaggle
513,1009,31:08:2015,kaggle
721,1010,31:08:2015,kaggle
542,1011,31:08:2015,kaggle
414,1012,31:08:2015,kaggle
148,1013,31:08:2015,kaggle
243,1014,31:08:2015,kaggle
673,1015,31:08:2015,kaggle
801,1016,31:08:2015,kaggle
956,1017,31:08:2015,kaggle
895,1018,31:08:2015,kaggle
445,1019,31:08:2015,kaggle
133,1020,31:08:2015,kaggle
343,1021,31:08:2015,kaggle
535,1022,31:08:2015,kaggle
261,1023,31:08:2015,kaggle
493,1024,31:08:2015,kaggle
102,1025,31:08:2015,kaggle
610,1026,31:08:2015,kaggle
716,1027,31:08:2015,kaggle
427,1028,31:08:2015,kaggle
823,1029,31:08:2015,kaggle
737,1030,31:08:2015,kaggle
656,1031,31:08:2015,kaggle
602,1032,31:08:2015,kaggle
752,1033,31:08:2015,kaggle
262,1034,31:08:2015,kaggle
978,1035,31:08:2015,kaggle
138,1036,31:08:2015,kaggle
355,1037,31:08:2015,kaggle
51,1038,31:08:2015,kaggle
461,1039,31:08:2015,kaggle
209,1040,31:08:2015,kaggle
100,1041,31:08:2015,kaggle
532,1042,31:08:2015,kaggle
920,1043,31:08:2015,kaggle
615,1044,31:08:2015,kaggle
191,1045,31:08:2015,kaggle
951,1046,31:08:2015,kaggle
235,1047,31:08:2015,kaggle
795,1048,31:08:2015,kaggle
369,1049,31:08:2015,kaggle
723,1050,31:08:2015,kaggle
93,1051,31:08:2015,kaggle
487,1052,31:08:2015,kaggle
911,1053,31:08:2015,kaggle
501,1054,31:08:2015,kaggle
849,1055,31:08:2015,kaggle
112,1056,31:08:2015,kaggle
17,1057,31:08:2015,kaggle
132,1058,31:08:2015,kaggle
266,1059,31:08:2015,kaggle
299,1060,31:08:2015,kaggle
127,1061,31:08:2015,kaggle
584,1062,31:08:2015,kaggle
690,1063,31:08:2015,kaggle
931,1064,31:08:2015,kaggle
571,1065,31:08:2015,kaggle
583,1066,31:08:2015,kaggle
364,1067,31:08:2015,kaggle
142,1068,31:08:2015,kaggle
190,1069,31:08:2015,kaggle
821,1070,31:08:2015,kaggle
685,1071,31:08:2015,kaggle
790,1072,31:08:2015,kaggle
114,1073,31:08:2015,kaggle
251,1074,31:08:2015,kaggle
966,1075,31:08:2015,kaggle
649,1076,31:08:2015,kaggle
739,1077,31:08:2015,kaggle
227,1078,31:08:2015,kaggle
65,1079,31:08:2015,kaggle
430,1080,31:08:2015,kaggle
7,1081,31:08:2015,kaggle
921,1082,31:08:2015,kaggle
99,1083,31:08:2015,kaggle
543,1084,31:08:2015,kaggle
862,1085,31:08:2015,kaggle
79,1086,31:08:2015,kaggle
302,1087,31:08:2015,kaggle
897,1088,31:08:2015,kaggle
753,1089,31:08:2015,kaggle
440,1090,31:08:2015,kaggle
3,1091,31:08:2015,kaggle
843,1092,31:08:2015,kaggle
964,1093,31:08:2015,kaggle
165,1094,31:08:2015,kaggle
711,1095,31:08:2015,kaggle
325,1096,31:08:2015,kaggle
328,1097,31:08:2015,kaggle
17,1098,31:08:2015,kaggle
817,1099,31:08:2015,kaggle
469,1100,31:08:2015,kaggle
887,1101,31:08:2015,kaggle
545,1102,31:08:2015,kaggle
200,1103,31:08:2015,kaggle
606,1104,31:08:2015,kaggle
951,1105,31:08:2015,kaggle
84,1106,31:08:2015,kaggle
343,1107,31:08:2015,kaggle
406,1108,31:08:2015,kaggle
20,1109,31:08:2015,kaggle
723,1110,31:08:2015,kaggle
493,1111,31:08:2015,kaggle
664,1112,31:08:2015,kaggle
915,1113,31:08:2015,kaggle
142,1114,31:08:2015,kaggle
237,1115,31:08:2015,kaggle
198,1116,31:08:2015,kaggle
233,1117,31:08:2015,kaggle
590,1118,31:08:2015,kaggle
434,1119,31:08:2015,kaggle
923,1120,31:08:2015,kaggle
650,1121,31:08:2015,kaggle
844,1122,31:08:2015,kaggle
360,1123,31:08:2015,kaggle
679,1124,31:08:2015,kaggle
600,1125,31:08:2015,kaggle
110,1126,31:08:2015,kaggle
542,1127,31:08:2015,kaggle
297,1128,31:08:2015,kaggle
417,1129,31:08:2015,kaggle
421,1130,31:08:2015,kaggle
753,1131,31:08:2015,kaggle
158,1132,31:08:2015,kaggle
445,1133,31:08:2015,kaggle
431,1134,31:08:2015,kaggle
593,1135,31:08:2015,kaggle
335,1136,31:08:2015,kaggle
559,1137,31:08:2015,kaggle
709,1138,31:08:2015,kaggle
359,1139,31:08:2015,kaggle
683,1140,31:08:2015,kaggle
860,1141,31:08:2015,kaggle
483,1142,31:08:2015,kaggle
614,1143,31:08:2015,kaggle
212,1144,31:08:2015,kaggle
514,1145,31:08:2015,kaggle
108,1146,31:08:2015,kaggle
65,1147,31:08:2015,kaggle
569,1148,31:08:2015,kaggle
608,1149,31:08:2015,kaggle
775,1150,31:08:2015,kaggle
756,1151,31:08:2015,kaggle
598,1152,31:08:2015,kaggle
309,1153,31:08:2015,kaggle
126,1154,31:08:2015,kaggle
529,1155,31:08:2015,kaggle
988,1156,31:08:2015,kaggle
191,1157,31:08:2015,kaggle
230,1158,31:08:2015,kaggle
58,1159,31:08:2015,kaggle
744,1160,31:08:2015,kaggle
556,1161,31:08:2015,kaggle
443,1162,31:08:2015,kaggle
995,1163,31:08:2015,kaggle
372,1164,31:08:2015,kaggle
958,1165,31:08:2015,kaggle
123,1166,31:08:2015,kaggle
216,1167,31:08:2015,kaggle
422,1168,31:08:2015,kaggle
890,1169,31:08:2015,kaggle
380,1170,31:08:2015,kaggle
410,1171,31:08:2015,kaggle
306,1172,31:08:2015,kaggle
149,1173,31:08:2015,kaggle
758,1174,31:08:2015,kaggle
97,1175,31:08:2015,kaggle
204,1176,31:08:2015,kaggle
830,1177,31:08:2015,kaggle
860,1178,31:08:2015,kaggle
554,1179,31:08:2015,kaggle
301,1180,31:08:2015,kaggle
901,1181,31:08:2015,kaggle
490,1182,31:08:2015,kaggle
498,1183,31:08:2015,kaggle
137,1184,31:08:2015,kaggle
378,1185,31:08:2015,kaggle
935,1186,31:08:2015,kaggle
649,1187,31:08:2015,kaggle
408,1188,31:08:2015,kaggle
441,1189,31:08:2015,kaggle
1,1190,31:08:2015,kaggle
667,1191,31:08:2015,kaggle
386,1192,31:08:2015,kaggle
697,1193,31:08:2015,kaggle
913,1194,31:08:2015,kaggle
917,1195,31:08:2015,kaggle
235,1196,31:08:2015,kaggle
800,1197,31:08:2015,kaggle
95,1198,31:08:2015,kaggle
728,1199,31:08:2015,kaggle
398,1200,31:08:2015,kaggle
472,1201,31:08:2015,kaggle
299,1202,31:08:2015,kaggle
127,1203,31:08:2015,kaggle
639,1204,31:08:2015,kaggle
725,1205,31:08:2015,kaggle
196,1206,31:08:2015,kaggle
4,1207,31:08:2015,kaggle
417,1208,31:08:2015,kaggle
942,1209,31:08:2015,kaggle
210,1210,31:08:2015,kaggle
211,1211,31:08:2015,kaggle
26,1212,31:08:2015,kaggle
868,1213,31:08:2015,kaggle
19,1214,31:08:2015,kaggle
834,1215,31:08:2015,kaggle
907,1216,31:08:2015,kaggle
880,1217,31:08:2015,kaggle
651,1218,31:08:2015,kaggle
858,1219,31:08:2015,kaggle
664,1220,31:08:2015,kaggle
862,1221,31:08:2015,kaggle
456,1222,31:08:2015,kaggle
733,1223,31:08:2015,kaggle
537,1224,31:08:2015,kaggle
986,1225,31:08:2015,kaggle
203,1226,31:08:2015,kaggle
82,1227,31:08:2015,kaggle
27,1228,31:08:2015,kaggle
805,1229,31:08:2015,kaggle
879,1230,31:08:2015,kaggle
610,1231,31:08:2015,kaggle
251,1232,31:08:2015,kaggle
133,1233,31:08:2015,kaggle
748,1234,31:08:2015,kaggle
826,1235,31:08:2015,kaggle
881,1236,31:08:2015,kaggle
109,1237,31:08:2015,kaggle
793,1238,31:08:2015,kaggle
335,1239,31:08:2015,kaggle
509,1240,31:08:2015,kaggle
670,1241,31:08:2015,kaggle
878,1242,31:08:2015,kaggle
897,1243,31:08:2015,kaggle
433,1244,31:08:2015,kaggle
753,1245,31:08:2015,kaggle
883,1246,31:08:2015,kaggle
729,1247,31:08:2015,kaggle
193,1248,31:08:2015,kaggle
340,1249,31:08:2015,kaggle
607,1250,31:08:2015,kaggle
127,1251,31:08:2015,kaggle
375,1252,31:08:2015,kaggle
487,1253,31:08:2015,kaggle
78,1254,31:08:2015,kaggle
113,1255,31:08:2015,kaggle
662,1256,31:08:2015,kaggle
458,1257,31:08:2015,kaggle
573,1258,31:08:2015,kaggle
388,1259,31:08:2015,kaggle
699,1260,31:08:2015,kaggle
146,1261,31:08:2015,kaggle
744,1262,31:08:2015,kaggle
653,1263,31:08:2015,kaggle
533,1264,31:08:2015,kaggle
879,1265,31:08:2015,kaggle
988,1266,31:08:2015,kaggle
339,1267,31:08:2015,kaggle
483,1268,31:08:2015,kaggle
691,1269,31:08:2015,kaggle
921,1270,31:08:2015,kaggle
67,1271,31:08:2015,kaggle
891,1272,31:08:2015,kaggle
851,1273,31:08:2015,kaggle
524,1274,31:08:2015,kaggle
254,1275,31:08:2015,kaggle
9,1276,31:08:2015,kaggle
778,1277,31:08:2015,kaggle
645,1278,31:08:2015,kaggle
75,1279,31:08:2015,kaggle
346,1280,31:08:2015,kaggle
123,1281,31:08:2015,kaggle
707,1282,31:08:2015,kaggle
783,1283,31:08:2015,kaggle
59,1284,31:08:2015,kaggle
907,1285,31:08:2015,kaggle
612,1286,31:08:2015,kaggle
879,1287,31:08:2015,kaggle
176,1288,31:08:2015,kaggle
691,1289,31:08:2015,kaggle
470,1290,31:08:2015,kaggle
907,1291,31:08:2015,kaggle
946,1292,31:08:2015,kaggle
940,1293,31:08:2015,kaggle
34,1294,31:08:2015,kaggle
149,1295,31:08:2015,kaggle
23,1296,31:08:2015,kaggle
867,1297,31:08:2015,kaggle
919,1298,31:08:2015,kaggle
390,1299,31:08:2015,kaggle
895,1300,31:08:2015,kaggle
906,1301,31:08:2015,kaggle
11,1302,31:08:2015,kaggle
689,1303,31:08:2015,kaggle
225,1304,31:08:2015,kaggle
549,1305,31:08:2015,kaggle
850,1306,31:08:2015,kaggle
774,1307,31:08:2015,kaggle
521,1308,31:08:2015,kaggle
1000,1309,31:08:2015,kaggle
325,1310,31:08:2015,kaggle
678,1311,31:08:2015,kaggle
526,1312,31:08:2015,kaggle
371,1313,31:08:2015,kaggle
394,1314,31:08:2015,kaggle
524,1315,31:08:2015,kaggle
536,1316,31:08:2015,kaggle
383,1317,31:08:2015,kaggle
368,1318,31:08:2015,kaggle
508,1319,31:08:2015,kaggle
759,1320,31:08:2015,kaggle
388,1321,31:08:2015,kaggle
145,1322,31:08:2015,kaggle
44,1323,31:08:2015,kaggle
397,1324,31:08:2015,kaggle
471,1325,31:08:2015,kaggle
375,1326,31:08:2015,kaggle
79,1327,31:08:2015,kaggle
520,1328,31:08:2015,kaggle
444,1329,31:08:2015,kaggle
718,1330,31:08:2015,kaggle
624,1331,31:08:2015,kaggle
95,1332,31:08:2015,kaggle
807,1333,31:08:2015,kaggle
868,1334,31:08:2015,kaggle
499,1335,31:08:2015,kaggle
7,1336,31:08:2015,kaggle
567,1337,31:08:2015,kaggle
34,1338,31:08:2015,kaggle
290,1339,31:08:2015,kaggle
64,1340,31:08:2015,kaggle
939,1341,31:08:2015,kaggle
91,1342,31:08:2015,kaggle
523,1343,31:08:2015,kaggle
338,1344,31:08:2015,kaggle
838,1345,31:08:2015,kaggle
616,1346,31:08:2015,kaggle
843,1347,31:08:2015,kaggle
859,1348,31:08:2015,kaggle
163,1349,31:08:2015,kaggle
119,1350,31:08:2015,kaggle
22,1351,31:08:2015,kaggle
187,1352,31:08:2015,kaggle
999,1353,31:08:2015,kaggle
671,1354,31:08:2015,kaggle
291,1355,31:08:2015,kaggle
436,1356,31:08:2015,kaggle
127,1357,31:08:2015,kaggle
667,1358,31:08:2015,kaggle
545,1359,31:08:2015,kaggle
783,1360,31:08:2015,kaggle
265,1361,31:08:2015,kaggle
760,1362,31:08:2015,kaggle
282,1363,31:08:2015,kaggle
534,1364,31:08:2015,kaggle
799,1365,31:08:2015,kaggle
439,1366,31:08:2015,kaggle
435,1367,31:08:2015,kaggle
668,1368,31:08:2015,kaggle
442,1369,31:08:2015,kaggle
540,1370,31:08:2015,kaggle
852,1371,31:08:2015,kaggle
995,1372,31:08:2015,kaggle
174,1373,31:08:2015,kaggle
445,1374,31:08:2015,kaggle
938,1375,31:08:2015,kaggle
13,1376,31:08:2015,kaggle
898,1377,31:08:2015,kaggle
725,1378,31:08:2015,kaggle
706,1379,31:08:2015,kaggle
782,1380,31:08:2015,kaggle
23,1381,31:08:2015,kaggle
834,1382,31:08:2015,kaggle
875,1383,31:08:2015,kaggle
382,1384,31:08:2015,kaggle
496,1385,31:08:2015,kaggle
400,1386,31:08:2015,kaggle
408,1387,31:08:2015,kaggle
218,1388,31:08:2015,kaggle
404,1389,31:08:2015,kaggle
669,1390,31:08:2015,kaggle
761,1391,31:08:2015,kaggle
684,1392,31:08:2015,kaggle
890,1393,31:08:2015,kaggle
453,1394,31:08:2015,kaggle
884,1395,31:08:2015,kaggle
20,1396,31:08:2015,kaggle
28,1397,31:08:2015,kaggle
730,1398,31:08:2015,kaggle
292,1399,31:08:2015,kaggle
814,1400,31:08:2015,kaggle
391,1401,31:08:2015,kaggle
489,1402,31:08:2015,kaggle
996,1403,31:08:2015,kaggle
662,1404,31:08:2015,kaggle
933,1405,31:08:2015,kaggle
174,1406,31:08:2015,kaggle
279,1407,31:08:2015,kaggle
927,1408,31:08:2015,kaggle
85,1409,31:08:2015,kaggle
2,1410,31:08:2015,kaggle
37,1411,31:08:2015,kaggle
115,1412,31:08:2015,kaggle
255,1413,31:08:2015,kaggle
625,1414,31:08:2015,kaggle
688,1415,31:08:2015,kaggle
16,1416,31:08:2015,kaggle
532,1417,31:08:2015,kaggle
809,1418,31:08:2015,kaggle
741,1419,31:08:2015,kaggle
663,1420,31:08:2015,kaggle
371,1421,31:08:2015,kaggle
853,1422,31:08:2015,kaggle
1,1423,31:08:2015,kaggle
565,1424,31:08:2015,kaggle
834,1425,31:08:2015,kaggle
318,1426,31:08:2015,kaggle
479,1427,31:08:2015,kaggle
712,1428,31:08:2015,kaggle
706,1429,31:08:2015,kaggle
994,1430,31:08:2015,kaggle
740,1431,31:08:2015,kaggle
298,1432,31:08:2015,kaggle
437,1433,31:08:2015,kaggle
369,1434,31:08:2015,kaggle
622,1435,31:08:2015,kaggle
470,1436,31:08:2015,kaggle
157,1437,31:08:2015,kaggle
234,1438,31:08:2015,kaggle
736,1439,31:08:2015,kaggle
301,1440,31:08:2015,kaggle
258,1441,31:08:2015,kaggle
331,1442,31:08:2015,kaggle
553,1443,31:08:2015,kaggle
257,1444,31:08:2015,kaggle
109,1445,31:08:2015,kaggle
937,1446,31:08:2015,kaggle
600,1447,31:08:2015,kaggle
923,1448,31:08:2015,kaggle
132,1449,31:08:2015,kaggle
238,1450,31:08:2015,kaggle
354,1451,31:08:2015,kaggle
247,1452,31:08:2015,kaggle
266,1453,31:08:2015,kaggle
20,1454,31:08:2015,kaggle
627,1455,31:08:2015,kaggle
642,1456,31:08:2015,kaggle
350,1457,31:08:2015,kaggle
729,1458,31:08:2015,kaggle
833,1459,31:08:2015,kaggle
746,1460,31:08:2015,kaggle
523,1461,31:08:2015,kaggle
141,1462,31:08:2015,kaggle
336,1463,31:08:2015,kaggle
166,1464,31:08:2015,kaggle
147,1465,31:08:2015,kaggle
427,1466,31:08:2015,kaggle
609,1467,31:08:2015,kaggle
921,1468,31:08:2015,kaggle
738,1469,31:08:2015,kaggle
504,1470,31:08:2015,kaggle
52,1471,31:08:2015,kaggle
590,1472,31:08:2015,kaggle
265,1473,31:08:2015,kaggle
991,1474,31:08:2015,kaggle
77,1475,31:08:2015,kaggle
132,1476,31:08:2015,kaggle
378,1477,31:08:2015,kaggle
48,1478,31:08:2015,kaggle
680,1479,31:08:2015,kaggle
948,1480,31:08:2015,kaggle
862,1481,31:08:2015,kaggle
399,1482,31:08:2015,kaggle
219,1483,31:08:2015,kaggle
943,1484,31:08:2015,kaggle
142,1485,31:08:2015,kaggle
969,1486,31:08:2015,kaggle
814,1487,31:08:2015,kaggle
548,1488,31:08:2015,kaggle
655,1489,31:08:2015,kaggle
382,1490,31:08:2015,kaggle
687,1491,31:08:2015,kaggle
49,1492,31:08:2015,kaggle
598,1493,31:08:2015,kaggle
260,1494,31:08:2015,kaggle
102,1495,31:08:2015,kaggle
212,1496,31:08:2015,kaggle
336,1497,31:08:2015,kaggle
340,1498,31:08:2015,kaggle
344,1499,31:08:2015,kaggle
257,1500,31:08:2015,kaggle
940,1501,31:08:2015,kaggle
503,1502,31:08:2015,kaggle
731,1503,31:08:2015,kaggle
161,1504,31:08:2015,kaggle
252,1505,31:08:2015,kaggle
5,1506,31:08:2015,kaggle
515,1507,31:08:2015,kaggle
197,1508,31:08:2015,kaggle
444,1509,31:08:2015,kaggle
868,1510,31:08:2015,kaggle
387,1511,31:08:2015,kaggle
520,1512,31:08:2015,kaggle
939,1513,31:08:2015,kaggle
311,1514,31:08:2015,kaggle
59,1515,31:08:2015,kaggle
783,1516,31:08:2015,kaggle
30,1517,31:08:2015,kaggle
954,1518,31:08:2015,kaggle
600,1519,31:08:2015,kaggle
442,1520,31:08:2015,kaggle
653,1521,31:08:2015,kaggle
734,1522,31:08:2015,kaggle
417,1523,31:08:2015,kaggle
529,1524,31:08:2015,kaggle
163,1525,31:08:2015,kaggle
481,1526,31:08:2015,kaggle
162,1527,31:08:2015,kaggle
127,1528,31:08:2015,kaggle
789,1529,31:08:2015,kaggle
34,1530,31:08:2015,kaggle
41,1531,31:08:2015,kaggle
67,1532,31:08:2015,kaggle
855,1533,31:08:2015,kaggle
319,1534,31:08:2015,kaggle
467,1535,31:08:2015,kaggle
755,1536,31:08:2015,kaggle
397,1537,31:08:2015,kaggle
531,1538,31:08:2015,kaggle
83,1539,31:08:2015,kaggle
814,1540,31:08:2015,kaggle
236,1541,31:08:2015,kaggle
113,1542,31:08:2015,kaggle
590,1543,31:08:2015,kaggle
19,1544,31:08:2015,kaggle
539,1545,31:08:2015,kaggle
646,1546,31:08:2015,kaggle
600,1547,31:08:2015,kaggle
197,1548,31:08:2015,kaggle
419,1549,31:08:2015,kaggle
57,1550,31:08:2015,kaggle
941,1551,31:08:2015,kaggle
146,1552,31:08:2015,kaggle
71,1553,31:08:2015,kaggle
463,1554,31:08:2015,kaggle
635,1555,31:08:2015,kaggle
173,1556,31:08:2015,kaggle
59,1557,31:08:2015,kaggle
691,1558,31:08:2015,kaggle
762,1559,31:08:2015,kaggle
972,1560,31:08:2015,kaggle
326,1561,31:08:2015,kaggle
124,1562,31:08:2015,kaggle
413,1563,31:08:2015,kaggle
355,1564,31:08:2015,kaggle
363,1565,31:08:2015,kaggle
64,1566,31:08:2015,kaggle
644,1567,31:08:2015,kaggle
960,1568,31:08:2015,kaggle
775,1569,31:08:2015,kaggle
962,1570,31:08:2015,kaggle
366,1571,31:08:2015,kaggle
440,1572,31:08:2015,kaggle
543,1573,31:08:2015,kaggle
334,1574,31:08:2015,kaggle
394,1575,31:08:2015,kaggle
49,1576,31:08:2015,kaggle
74,1577,31:08:2015,kaggle
4,1578,31:08:2015,kaggle
684,1579,31:08:2015,kaggle
350,1580,31:08:2015,kaggle
712,1581,31:08:2015,kaggle
449,1582,31:08:2015,kaggle
530,1583,31:08:2015,kaggle
441,1584,31:08:2015,kaggle
595,1585,31:08:2015,kaggle
983,1586,31:08:2015,kaggle
497,1587,31:08:2015,kaggle
140,1588,31:08:2015,kaggle
538,1589,31:08:2015,kaggle
757,1590,31:08:2015,kaggle
970,1591,31:08:2015,kaggle
598,1592,31:08:2015,kaggle
75,1593,31:08:2015,kaggle
251,1594,31:08:2015,kaggle
1000,1595,31:08:2015,kaggle
825,1596,31:08:2015,kaggle
418,1597,31:08:2015,kaggle
272,1598,31:08:2015,kaggle
769,1599,31:08:2015,kaggle
270,1600,31:08:2015,kaggle
702,1601,31:08:2015,kaggle
17,1602,31:08:2015,kaggle
842,1603,31:08:2015,kaggle
555,1604,31:08:2015,kaggle
837,1605,31:08:2015,kaggle
414,1606,31:08:2015,kaggle
581,1607,31:08:2015,kaggle
601,1608,31:08:2015,kaggle
647,1609,31:08:2015,kaggle
576,1610,31:08:2015,kaggle
482,1611,31:08:2015,kaggle
158,1612,31:08:2015,kaggle
778,1613,31:08:2015,kaggle
875,1614,31:08:2015,kaggle
859,1615,31:08:2015,kaggle
586,1616,31:08:2015,kaggle
175,1617,31:08:2015,kaggle
73,1618,31:08:2015,kaggle
74,1619,31:08:2015,kaggle
12,1620,31:08:2015,kaggle
147,1621,31:08:2015,kaggle
244,1622,31:08:2015,kaggle
163,1623,31:08:2015,kaggle
741,1624,31:08:2015,kaggle
673,1625,31:08:2015,kaggle
544,1626,31:08:2015,kaggle
70,1627,31:08:2015,kaggle
100,1628,31:08:2015,kaggle
731,1629,31:08:2015,kaggle
83,1630,31:08:2015,kaggle
979,1631,31:08:2015,kaggle
225,1632,31:08:2015,kaggle
266,1633,31:08:2015,kaggle
990,1634,31:08:2015,kaggle
717,1635,31:08:2015,kaggle
614,1636,31:08:2015,kaggle
640,1637,31:08:2015,kaggle
584,1638,31:08:2015,kaggle
497,1639,31:08:2015,kaggle
727,1640,31:08:2015,kaggle
379,1641,31:08:2015,kaggle
700,1642,31:08:2015,kaggle
195,1643,31:08:2015,kaggle
939,1644,31:08:2015,kaggle
271,1645,31:08:2015,kaggle
439,1646,31:08:2015,kaggle
733,1647,31:08:2015,kaggle
277,1648,31:08:2015,kaggle
947,1649,31:08:2015,kaggle
962,1650,31:08:2015,kaggle
162,1651,31:08:2015,kaggle
324,1652,31:08:2015,kaggle
505,1653,31:08:2015,kaggle
518,1654,31:08:2015,kaggle
846,1655,31:08:2015,kaggle
50,1656,31:08:2015,kaggle
403,1657,31:08:2015,kaggle
25,1658,31:08:2015,kaggle
421,1659,31:08:2015,kaggle
520,1660,31:08:2015,kaggle
78,1661,31:08:2015,kaggle
228,1662,31:08:2015,kaggle
883,1663,31:08:2015,kaggle
513,1664,31:08:2015,kaggle
183,1665,31:08:2015,kaggle
487,1666,31:08:2015,kaggle
69,1667,31:08:2015,kaggle
798,1668,31:08:2015,kaggle
6,1669,31:08:2015,kaggle
90,1670,31:08:2015,kaggle
615,1671,31:08:2015,kaggle
67,1672,31:08:2015,kaggle
573,1673,31:08:2015,kaggle
772,1674,31:08:2015,kaggle
92,1675,31:08:2015,kaggle
688,1676,31:08:2015,kaggle
427,1677,31:08:2015,kaggle
693,1678,31:08:2015,kaggle
383,1679,31:08:2015,kaggle
958,1680,31:08:2015,kaggle
744,1681,31:08:2015,kaggle
328,1682,31:08:2015,kaggle
163,1683,31:08:2015,kaggle
843,1684,31:08:2015,kaggle
964,1685,31:08:2015,kaggle
980,1686,31:08:2015,kaggle
880,1687,31:08:2015,kaggle
859,1688,31:08:2015,kaggle
749,1689,31:08:2015,kaggle
500,1690,31:08:2015,kaggle
790,1691,31:08:2015,kaggle
909,1692,31:08:2015,kaggle
405,1693,31:08:2015,kaggle
262,1694,31:08:2015,kaggle
792,1695,31:08:2015,kaggle
826,1696,31:08:2015,kaggle
9,1697,31:08:2015,kaggle
813,1698,31:08:2015,kaggle
98,1699,31:08:2015,kaggle
991,1700,31:08:2015,kaggle
426,1701,31:08:2015,kaggle
846,1702,31:08:2015,kaggle
933,1703,31:08:2015,kaggle
493,1704,31:08:2015,kaggle
339,1705,31:08:2015,kaggle
240,1706,31:08:2015,kaggle
989,1707,31:08:2015,kaggle
2,1708,31:08:2015,kaggle
5,1709,31:08:2015,kaggle
452,1710,31:08:2015,kaggle
154,1711,31:08:2015,kaggle
683,1712,31:08:2015,kaggle
119,1713,31:08:2015,kaggle
748,1714,31:08:2015,kaggle
853,1715,31:08:2015,kaggle
419,1716,31:08:2015,kaggle
978,1717,31:08:2015,kaggle
611,1718,31:08:2015,kaggle
270,1719,31:08:2015,kaggle
617,1720,31:08:2015,kaggle
924,1721,31:08:2015,kaggle
355,1722,31:08:2015,kaggle
303,1723,31:08:2015,kaggle
1000,1724,31:08:2015,kaggle
374,1725,31:08:2015,kaggle
406,1726,31:08:2015,kaggle
202,1727,31:08:2015,kaggle
139,1728,31:08:2015,kaggle
813,1729,31:08:2015,kaggle
553,1730,31:08:2015,kaggle
987,1731,31:08:2015,kaggle
599,1732,31:08:2015,kaggle
336,1733,31:08:2015,kaggle
984,1734,31:08:2015,kaggle
659,1735,31:08:2015,kaggle
79,1736,31:08:2015,kaggle
438,1737,31:08:2015,kaggle
334,1738,31:08:2015,kaggle
676,1739,31:08:2015,kaggle
384,1740,31:08:2015,kaggle
887,1741,31:08:2015,kaggle
936,1742,31:08:2015,kaggle
65,1743,31:08:2015,kaggle
112,1744,31:08:2015,kaggle
203,1745,31:08:2015,kaggle
571,1746,31:08:2015,kaggle
810,1747,31:08:2015,kaggle
116,1748,31:08:2015,kaggle
807,1749,31:08:2015,kaggle
58,1750,31:08:2015,kaggle
285,1751,31:08:2015,kaggle
439,1752,31:08:2015,kaggle
90,1753,31:08:2015,kaggle
451,1754,31:08:2015,kaggle
444,1755,31:08:2015,kaggle
812,1756,31:08:2015,kaggle
212,1757,31:08:2015,kaggle
422,1758,31:08:2015,kaggle
597,1759,31:08:2015,kaggle
591,1760,31:08:2015,kaggle
511,1761,31:08:2015,kaggle
527,1762,31:08:2015,kaggle
413,1763,31:08:2015,kaggle
301,1764,31:08:2015,kaggle
616,1765,31:08:2015,kaggle
383,1766,31:08:2015,kaggle
73,1767,31:08:2015,kaggle
147,1768,31:08:2015,kaggle
518,1769,31:08:2015,kaggle
4,1770,31:08:2015,kaggle
573,1771,31:08:2015,kaggle
338,1772,31:08:2015,kaggle
665,1773,31:08:2015,kaggle
605,1774,31:08:2015,kaggle
740,1775,31:08:2015,kaggle
102,1776,31:08:2015,kaggle
305,1777,31:08:2015,kaggle
202,1778,31:08:2015,kaggle
378,1779,31:08:2015,kaggle
90,1780,31:08:2015,kaggle
258,1781,31:08:2015,kaggle
631,1782,31:08:2015,kaggle
569,1783,31:08:2015,kaggle
480,1784,31:08:2015,kaggle
868,1785,31:08:2015,kaggle
536,1786,31:08:2015,kaggle
529,1787,31:08:2015,kaggle
935,1788,31:08:2015,kaggle
307,1789,31:08:2015,kaggle
173,1790,31:08:2015,kaggle
270,1791,31:08:2015,kaggle
829,1792,31:08:2015,kaggle
286,1793,31:08:2015,kaggle
899,1794,31:08:2015,kaggle
268,1795,31:08:2015,kaggle
390,1796,31:08:2015,kaggle
405,1797,31:08:2015,kaggle
347,1798,31:08:2015,kaggle
353,1799,31:08:2015,kaggle
808,1800,31:08:2015,kaggle
150,1801,31:08:2015,kaggle
218,1802,31:08:2015,kaggle
689,1803,31:08:2015,kaggle
975,1804,31:08:2015,kaggle
955,1805,31:08:2015,kaggle
872,1806,31:08:2015,kaggle
5,1807,31:08:2015,kaggle
521,1808,31:08:2015,kaggle
606,1809,31:08:2015,kaggle
437,1810,31:08:2015,kaggle
585,1811,31:08:2015,kaggle
417,1812,31:08:2015,kaggle
611,1813,31:08:2015,kaggle
193,1814,31:08:2015,kaggle
476,1815,31:08:2015,kaggle
10,1816,31:08:2015,kaggle
546,1817,31:08:2015,kaggle
262,1818,31:08:2015,kaggle
479,1819,31:08:2015,kaggle
440,1820,31:08:2015,kaggle
340,1821,31:08:2015,kaggle
461,1822,31:08:2015,kaggle
680,1823,31:08:2015,kaggle
793,1824,31:08:2015,kaggle
498,1825,31:08:2015,kaggle
714,1826,31:08:2015,kaggle
107,1827,31:08:2015,kaggle
479,1828,31:08:2015,kaggle
543,1829,31:08:2015,kaggle
120,1830,31:08:2015,kaggle
805,1831,31:08:2015,kaggle
365,1832,31:08:2015,kaggle
684,1833,31:08:2015,kaggle
184,1834,31:08:2015,kaggle
58,1835,31:08:2015,kaggle
32,1836,31:08:2015,kaggle
841,1837,31:08:2015,kaggle
958,1838,31:08:2015,kaggle
394,1839,31:08:2015,kaggle
726,1840,31:08:2015,kaggle
81,1841,31:08:2015,kaggle
340,1842,31:08:2015,kaggle
952,1843,31:08:2015,kaggle
172,1844,31:08:2015,kaggle
765,1845,31:08:2015,kaggle
602,1846,31:08:2015,kaggle
678,1847,31:08:2015,kaggle
706,1848,31:08:2015,kaggle
934,1849,31:08:2015,kaggle
77,1850,31:08:2015,kaggle
836,1851,31:08:2015,kaggle
887,1852,31:08:2015,kaggle
156,1853,31:08:2015,kaggle
164,1854,31:08:2015,kaggle
830,1855,31:08:2015,kaggle
317,1856,31:08:2015,kaggle
226,1857,31:08:2015,kaggle
178,1858,31:08:2015,kaggle
48,1859,31:08:2015,kaggle
460,1860,31:08:2015,kaggle
623,1861,31:08:2015,kaggle
229,1862,31:08:2015,kaggle
953,1863,31:08:2015,kaggle
905,1864,31:08:2015,kaggle
932,1865,31:08:2015,kaggle
334,1866,31:08:2015,kaggle
212,1867,31:08:2015,kaggle
114,1868,31:08:2015,kaggle
958,1869,31:08:2015,kaggle
758,1870,31:08:2015,kaggle
671,1871,31:08:2015,kaggle
842,1872,31:08:2015,kaggle
617,1873,31:08:2015,kaggle
986,1874,31:08:2015,kaggle
476,1875,31:08:2015,kaggle
654,1876,31:08:2015,kaggle
733,1877,31:08:2015,kaggle
186,1878,31:08:2015,kaggle
319,1879,31:08:2015,kaggle
769,1880,31:08:2015,kaggle
638,1881,31:08:2015,kaggle
609,1882,31:08:2015,kaggle
90,1883,31:08:2015,kaggle
552,1884,31:08:2015,kaggle
468,1885,31:08:2015,kaggle
12,1886,31:08:2015,kaggle
123,1887,31:08:2015,kaggle
570,1888,31:08:2015,kaggle
240,1889,31:08:2015,kaggle
57,1890,31:08:2015,kaggle
13,1891,31:08:2015,kaggle
24,1892,31:08:2015,kaggle
520,1893,31:08:2015,kaggle
367,1894,31:08:2015,kaggle
414,1895,31:08:2015,kaggle
404,1896,31:08:2015,kaggle
302,1897,31:08:2015,kaggle
429,1898,31:08:2015,kaggle
311,1899,31:08:2015,kaggle
893,1900,31:08:2015,kaggle
891,1901,31:08:2015,kaggle
201,1902,31:08:2015,kaggle
498,1903,31:08:2015,kaggle
187,1904,31:08:2015,kaggle
293,1905,31:08:2015,kaggle
195,1906,31:08:2015,kaggle
754,1907,31:08:2015,kaggle
458,1908,31:08:2015,kaggle
914,1909,31:08:2015,kaggle
408,1910,31:08:2015,kaggle
386,1911,31:08:2015,kaggle
153,1912,31:08:2015,kaggle
51,1913,31:08:2015,kaggle
11,1914,31:08:2015,kaggle
626,1915,31:08:2015,kaggle
139,1916,31:08:2015,kaggle
800,1917,31:08:2015,kaggle
470,1918,31:08:2015,kaggle
949,1919,31:08:2015,kaggle
387,1920,31:08:2015,kaggle
856,1921,31:08:2015,kaggle
36,1922,31:08:2015,kaggle
88,1923,31:08:2015,kaggle
806,1924,31:08:2015,kaggle
504,1925,31:08:2015,kaggle
223,1926,31:08:2015,kaggle
451,1927,31:08:2015,kaggle
950,1928,31:08:2015,kaggle
624,1929,31:08:2015,kaggle
772,1930,31:08:2015,kaggle
808,1931,31:08:2015,kaggle
929,1932,31:08:2015,kaggle
338,1933,31:08:2015,kaggle
402,1934,31:08:2015,kaggle
551,1935,31:08:2015,kaggle
560,1936,31:08:2015,kaggle
825,1937,31:08:2015,kaggle
97,1938,31:08:2015,kaggle
228,1939,31:08:2015,kaggle
230,1940,31:08:2015,kaggle
828,1941,31:08:2015,kaggle
896,1942,31:08:2015,kaggle
746,1943,31:08:2015,kaggle
751,1944,31:08:2015,kaggle
569,1945,31:08:2015,kaggle
412,1946,31:08:2015,kaggle
69,1947,31:08:2015,kaggle
112,1948,31:08:2015,kaggle
27,1949,31:08:2015,kaggle
910,1950,31:08:2015,kaggle
652,1951,31:08:2015,kaggle
737,1952,31:08:2015,kaggle
245,1953,31:08:2015,kaggle
431,1954,31:08:2015,kaggle
154,1955,31:08:2015,kaggle
49,1956,31:08:2015,kaggle
710,1957,31:08:2015,kaggle
998,1958,31:08:2015,kaggle
969,1959,31:08:2015,kaggle
293,1960,31:08:2015,kaggle
213,1961,31:08:2015,kaggle
827,1962,31:08:2015,kaggle
334,1963,31:08:2015,kaggle
230,1964,31:08:2015,kaggle
336,1965,31:08:2015,kaggle
810,1966,31:08:2015,kaggle
758,1967,31:08:2015,kaggle
125,1968,31:08:2015,kaggle
905,1969,31:08:2015,kaggle
473,1970,31:08:2015,kaggle
8,1971,31:08:2015,kaggle
56,1972,31:08:2015,kaggle
286,1973,31:08:2015,kaggle
186,1974,31:08:2015,kaggle
362,1975,31:08:2015,kaggle
581,1976,31:08:2015,kaggle
93,1977,31:08:2015,kaggle
94,1978,31:08:2015,kaggle
713,1979,31:08:2015,kaggle
339,1980,31:08:2015,kaggle
354,1981,31:08:2015,kaggle
17,1982,31:08:2015,kaggle
400,1983,31:08:2015,kaggle
860,1984,31:08:2015,kaggle
303,1985,31:08:2015,kaggle
226,1986,31:08:2015,kaggle
405,1987,31:08:2015,kaggle
408,1988,31:08:2015,kaggle
247,1989,31:08:2015,kaggle
50,1990,31:08:2015,kaggle
656,1991,31:08:2015,kaggle
689,1992,31:08:2015,kaggle
209,1993,31:08:2015,kaggle
370,1994,31:08:2015,kaggle
854,1995,31:08:2015,kaggle
220,1996,31:08:2015,kaggle
637,1997,31:08:2015,kaggle
697,1998,31:08:2015,kaggle
912,1999,31:08:2015,kaggle
325,2000,31:08:2015,kaggle
629,2001,31:08:2015,kaggle
77,2002,31:08:2015,kaggle
262,2003,31:08:2015,kaggle
322,2004,31:08:2015,kaggle
841,2005,31:08:2015,kaggle
8,2006,31:08:2015,kaggle
548,2007,31:08:2015,kaggle
898,2008,31:08:2015,kaggle
792,2009,31:08:2015,kaggle
129,2010,31:08:2015,kaggle
158,2011,31:08:2015,kaggle
172,2012,31:08:2015,kaggle
406,2013,31:08:2015,kaggle
5,2014,31:08:2015,kaggle
334,2015,31:08:2015,kaggle
976,2016,31:08:2015,kaggle
664,2017,31:08:2015,kaggle
689,2018,31:08:2015,kaggle
146,2019,31:08:2015,kaggle
166,2020,31:08:2015,kaggle
33,2021,31:08:2015,kaggle
888,2022,31:08:2015,kaggle
819,2023,31:08:2015,kaggle
581,2024,31:08:2015,kaggle
183,2025,31:08:2015,kaggle
655,2026,31:08:2015,kaggle
337,2027,31:08:2015,kaggle
475,2028,31:08:2015,kaggle
267,2029,31:08:2015,kaggle
508,2030,31:08:2015,kaggle
179,2031,31:08:2015,kaggle
854,2032,31:08:2015,kaggle
506,2033,31:08:2015,kaggle
31,2034,31:08:2015,kaggle
670,2035,31:08:2015,kaggle
538,2036,31:08:2015,kaggle
173,2037,31:08:2015,kaggle
803,2038,31:08:2015,kaggle
242,2039,31:08:2015,kaggle
608,2040,31:08:2015,kaggle
956,2041,31:08:2015,kaggle
371,2042,31:08:2015,kaggle
686,2043,31:08:2015,kaggle
968,2044,31:08:2015,kaggle
145,2045,31:08:2015,kaggle
357,2046,31:08:2015,kaggle
553,2047,31:08:2015,kaggle
830,2048,31:08:2015,kaggle
386,2049,31:08:2015,kaggle
794,2050,31:08:2015,kaggle
529,2051,31:08:2015,kaggle
583,2052,31:08:2015,kaggle
497,2053,31:08:2015,kaggle
644,2054,31:08:2015,kaggle
321,2055,31:08:2015,kaggle
538,2056,31:08:2015,kaggle
85,2057,31:08:2015,kaggle
407,2058,31:08:2015,kaggle
191,2059,31:08:2015,kaggle
119,2060,31:08:2015,kaggle
216,2061,31:08:2015,kaggle
618,2062,31:08:2015,kaggle
423,2063,31:08:2015,kaggle
997,2064,31:08:2015,kaggle
545,2065,31:08:2015,kaggle
833,2066,31:08:2015,kaggle
834,2067,31:08:2015,kaggle
550,2068,31:08:2015,kaggle
744,2069,31:08:2015,kaggle
921,2070,31:08:2015,kaggle
350,2071,31:08:2015,kaggle
64,2072,31:08:2015,kaggle
330,2073,31:08:2015,kaggle
662,2074,31:08:2015,kaggle
157,2075,31:08:2015,kaggle
133,2076,31:08:2015,kaggle
397,2077,31:08:2015,kaggle
595,2078,31:08:2015,kaggle
522,2079,31:08:2015,kaggle
186,2080,31:08:2015,kaggle
820,2081,31:08:2015,kaggle
56,2082,31:08:2015,kaggle
242,2083,31:08:2015,kaggle
972,2084,31:08:2015,kaggle
83,2085,31:08:2015,kaggle
345,2086,31:08:2015,kaggle
630,2087,31:08:2015,kaggle
507,2088,31:08:2015,kaggle
130,2089,31:08:2015,kaggle
114,2090,31:08:2015,kaggle
81,2091,31:08:2015,kaggle
735,2092,31:08:2015,kaggle
59,2093,31:08:2015,kaggle
936,2094,31:08:2015,kaggle
972,2095,31:08:2015,kaggle
173,2096,31:08:2015,kaggle
221,2097,31:08:2015,kaggle
380,2098,31:08:2015,kaggle
155,2099,31:08:2015,kaggle
926,2100,31:08:2015,kaggle
580,2101,31:08:2015,kaggle
705,2102,31:08:2015,kaggle
334,2103,31:08:2015,kaggle
162,2104,31:08:2015,kaggle
167,2105,31:08:2015,kaggle
209,2106,31:08:2015,kaggle
541,2107,31:08:2015,kaggle
386,2108,31:08:2015,kaggle
806,2109,31:08:2015,kaggle
462,2110,31:08:2015,kaggle
219,2111,31:08:2015,kaggle
531,2112,31:08:2015,kaggle
971,2113,31:08:2015,kaggle
825,2114,31:08:2015,kaggle
195,2115,31:08:2015,kaggle
923,2116,31:08:2015,kaggle
764,2117,31:08:2015,kaggle
96,2118,31:08:2015,kaggle
620,2119,31:08:2015,kaggle
184,2120,31:08:2015,kaggle
915,2121,31:08:2015,kaggle
753,2122,31:08:2015,kaggle
401,2123,31:08:2015,kaggle
694,2124,31:08:2015,kaggle
93,2125,31:08:2015,kaggle
468,2126,31:08:2015,kaggle
760,2127,31:08:2015,kaggle
380,2128,31:08:2015,kaggle
319,2129,31:08:2015,kaggle
275,2130,31:08:2015,kaggle
73,2131,31:08:2015,kaggle
952,2132,31:08:2015,kaggle
889,2133,31:08:2015,kaggle
798,2134,31:08:2015,kaggle
631,2135,31:08:2015,kaggle
161,2136,31:08:2015,kaggle
813,2137,31:08:2015,kaggle
771,2138,31:08:2015,kaggle
593,2139,31:08:2015,kaggle
732,2140,31:08:2015,kaggle
533,2141,31:08:2015,kaggle
268,2142,31:08:2015,kaggle
860,2143,31:08:2015,kaggle
788,2144,31:08:2015,kaggle
977,2145,31:08:2015,kaggle
394,2146,31:08:2015,kaggle
600,2147,31:08:2015,kaggle
617,2148,31:08:2015,kaggle
327,2149,31:08:2015,kaggle
476,2150,31:08:2015,kaggle
434,2151,31:08:2015,kaggle
641,2152,31:08:2015,kaggle
34,2153,31:08:2015,kaggle
670,2154,31:08:2015,kaggle
448,2155,31:08:2015,kaggle
485,2156,31:08:2015,kaggle
861,2157,31:08:2015,kaggle
660,2158,31:08:2015,kaggle
699,2159,31:08:2015,kaggle
435,2160,31:08:2015,kaggle
318,2161,31:08:2015,kaggle
996,2162,31:08:2015,kaggle
456,2163,31:08:2015,kaggle
749,2164,31:08:2015,kaggle
601,2165,31:08:2015,kaggle
419,2166,31:08:2015,kaggle
265,2167,31:08:2015,kaggle
32,2168,31:08:2015,kaggle
513,2169,31:08:2015,kaggle
594,2170,31:08:2015,kaggle
372,2171,31:08:2015,kaggle
301,2172,31:08:2015,kaggle
937,2173,31:08:2015,kaggle
902,2174,31:08:2015,kaggle
612,2175,31:08:2015,kaggle
661,2176,31:08:2015,kaggle
383,2177,31:08:2015,kaggle
842,2178,31:08:2015,kaggle
820,2179,31:08:2015,kaggle
373,2180,31:08:2015,kaggle
328,2181,31:08:2015,kaggle
167,2182,31:08:2015,kaggle
895,2183,31:08:2015,kaggle
577,2184,31:08:2015,kaggle
423,2185,31:08:2015,kaggle
220,2186,31:08:2015,kaggle
428,2187,31:08:2015,kaggle
815,2188,31:08:2015,kaggle
975,2189,31:08:2015,kaggle
2,2190,31:08:2015,kaggle
363,2191,31:08:2015,kaggle
845,2192,31:08:2015,kaggle
903,2193,31:08:2015,kaggle
935,2194,31:08:2015,kaggle
491,2195,31:08:2015,kaggle
123,2196,31:08:2015,kaggle
597,2197,31:08:2015,kaggle
76,2198,31:08:2015,kaggle
403,2199,31:08:2015,kaggle
684,2200,31:08:2015,kaggle
507,2201,31:08:2015,kaggle
393,2202,31:08:2015,kaggle
162,2203,31:08:2015,kaggle
55,2204,31:08:2015,kaggle
297,2205,31:08:2015,kaggle
717,2206,31:08:2015,kaggle
302,2207,31:08:2015,kaggle
909,2208,31:08:2015,kaggle
649,2209,31:08:2015,kaggle
254,2210,31:08:2015,kaggle
303,2211,31:08:2015,kaggle
625,2212,31:08:2015,kaggle
786,2213,31:08:2015,kaggle
466,2214,31:08:2015,kaggle
780,2215,31:08:2015,kaggle
204,2216,31:08:2015,kaggle
533,2217,31:08:2015,kaggle
549,2218,31:08:2015,kaggle
109,2219,31:08:2015,kaggle
64,2220,31:08:2015,kaggle
432,2221,31:08:2015,kaggle
651,2222,31:08:2015,kaggle
54,2223,31:08:2015,kaggle
531,2224,31:08:2015,kaggle
875,2225,31:08:2015,kaggle
316,2226,31:08:2015,kaggle
489,2227,31:08:2015,kaggle
501,2228,31:08:2015,kaggle
122,2229,31:08:2015,kaggle
178,2230,31:08:2015,kaggle
880,2231,31:08:2015,kaggle
596,2232,31:08:2015,kaggle
851,2233,31:08:2015,kaggle
267,2234,31:08:2015,kaggle
782,2235,31:08:2015,kaggle
821,2236,31:08:2015,kaggle
283,2237,31:08:2015,kaggle
167,2238,31:08:2015,kaggle
937,2239,31:08:2015,kaggle
126,2240,31:08:2015,kaggle
207,2241,31:08:2015,kaggle
89,2242,31:08:2015,kaggle
593,2243,31:08:2015,kaggle
847,2244,31:08:2015,kaggle
738,2245,31:08:2015,kaggle
69,2246,31:08:2015,kaggle
413,2247,31:08:2015,kaggle
343,2248,31:08:2015,kaggle
609,2249,31:08:2015,kaggle
42,2250,31:08:2015,kaggle
116,2251,31:08:2015,kaggle
3,2252,31:08:2015,kaggle
77,2253,31:08:2015,kaggle
817,2254,31:08:2015,kaggle
18,2255,31:08:2015,kaggle
808,2256,31:08:2015,kaggle
669,2257,31:08:2015,kaggle
969,2258,31:08:2015,kaggle
451,2259,31:08:2015,kaggle
770,2260,31:08:2015,kaggle
950,2261,31:08:2015,kaggle
282,2262,31:08:2015,kaggle
562,2263,31:08:2015,kaggle
945,2264,31:08:2015,kaggle
727,2265,31:08:2015,kaggle
934,2266,31:08:2015,kaggle
382,2267,31:08:2015,kaggle
221,2268,31:08:2015,kaggle
34,2269,31:08:2015,kaggle
302,2270,31:08:2015,kaggle
231,2271,31:08:2015,kaggle
579,2272,31:08:2015,kaggle
698,2273,31:08:2015,kaggle
482,2274,31:08:2015,kaggle
65,2275,31:08:2015,kaggle
173,2276,31:08:2015,kaggle
167,2277,31:08:2015,kaggle
681,2278,31:08:2015,kaggle
862,2279,31:08:2015,kaggle
55,2280,31:08:2015,kaggle
794,2281,31:08:2015,kaggle
990,2282,31:08:2015,kaggle
456,2283,31:08:2015,kaggle
697,2284,31:08:2015,kaggle
479,2285,31:08:2015,kaggle
298,2286,31:08:2015,kaggle
984,2287,31:08:2015,kaggle
704,2288,31:08:2015,kaggle
876,2289,31:08:2015,kaggle
304,2290,31:08:2015,kaggle
246,2291,31:08:2015,kaggle
937,2292,31:08:2015,kaggle
399,2293,31:08:2015,kaggle
795,2294,31:08:2015,kaggle
440,2295,31:08:2015,kaggle
54,2296,31:08:2015,kaggle
804,2297,31:08:2015,kaggle
214,2298,31:08:2015,kaggle
300,2299,31:08:2015,kaggle
719,2300,31:08:2015,kaggle
40,2301,31:08:2015,kaggle
531,2302,31:08:2015,kaggle
102,2303,31:08:2015,kaggle
41,2304,31:08:2015,kaggle
225,2305,31:08:2015,kaggle
57,2306,31:08:2015,kaggle
789,2307,31:08:2015,kaggle
338,2308,31:08:2015,kaggle
188,2309,31:08:2015,kaggle
395,2310,31:08:2015,kaggle
185,2311,31:08:2015,kaggle
522,2312,31:08:2015,kaggle
923,2313,31:08:2015,kaggle
743,2314,31:08:2015,kaggle
228,2315,31:08:2015,kaggle
1000,2316,31:08:2015,kaggle
602,2317,31:08:2015,kaggle
224,2318,31:08:2015,kaggle
199,2319,31:08:2015,kaggle
826,2320,31:08:2015,kaggle
709,2321,31:08:2015,kaggle
64,2322,31:08:2015,kaggle
981,2323,31:08:2015,kaggle
514,2324,31:08:2015,kaggle
619,2325,31:08:2015,kaggle
873,2326,31:08:2015,kaggle
767,2327,31:08:2015,kaggle
712,2328,31:08:2015,kaggle
689,2329,31:08:2015,kaggle
680,2330,31:08:2015,kaggle
172,2331,31:08:2015,kaggle
179,2332,31:08:2015,kaggle
678,2333,31:08:2015,kaggle
930,2334,31:08:2015,kaggle
843,2335,31:08:2015,kaggle
428,2336,31:08:2015,kaggle
604,2337,31:08:2015,kaggle
134,2338,31:08:2015,kaggle
121,2339,31:08:2015,kaggle
613,2340,31:08:2015,kaggle
328,2341,31:08:2015,kaggle
509,2342,31:08:2015,kaggle
922,2343,31:08:2015,kaggle
28,2344,31:08:2015,kaggle
721,2345,31:08:2015,kaggle
549,2346,31:08:2015,kaggle
609,2347,31:08:2015,kaggle
333,2348,31:08:2015,kaggle
62,2349,31:08:2015,kaggle
192,2350,31:08:2015,kaggle
133,2351,31:08:2015,kaggle
739,2352,31:08:2015,kaggle
46,2353,31:08:2015,kaggle
267,2354,31:08:2015,kaggle
270,2355,31:08:2015,kaggle
95,2356,31:08:2015,kaggle
126,2357,31:08:2015,kaggle
485,2358,31:08:2015,kaggle
790,2359,31:08:2015,kaggle
730,2360,31:08:2015,kaggle
410,2361,31:08:2015,kaggle
263,2362,31:08:2015,kaggle
964,2363,31:08:2015,kaggle
836,2364,31:08:2015,kaggle
901,2365,31:08:2015,kaggle
227,2366,31:08:2015,kaggle
248,2367,31:08:2015,kaggle
324,2368,31:08:2015,kaggle
403,2369,31:08:2015,kaggle
767,2370,31:08:2015,kaggle
577,2371,31:08:2015,kaggle
406,2372,31:08:2015,kaggle
734,2373,31:08:2015,kaggle
167,2374,31:08:2015,kaggle
484,2375,31:08:2015,kaggle
895,2376,31:08:2015,kaggle
994,2377,31:08:2015,kaggle
396,2378,31:08:2015,kaggle
708,2379,31:08:2015,kaggle
772,2380,31:08:2015,kaggle
962,2381,31:08:2015,kaggle
235,2382,31:08:2015,kaggle
697,2383,31:08:2015,kaggle
892,2384,31:08:2015,kaggle
339,2385,31:08:2015,kaggle
527,2386,31:08:2015,kaggle
206,2387,31:08:2015,kaggle
905,2388,31:08:2015,kaggle
25,2389,31:08:2015,kaggle
802,2390,31:08:2015,kaggle
4,2391,31:08:2015,kaggle
557,2392,31:08:2015,kaggle
439,2393,31:08:2015,kaggle
68,2394,31:08:2015,kaggle
29,2395,31:08:2015,kaggle
70,2396,31:08:2015,kaggle
133,2397,31:08:2015,kaggle
991,2398,31:08:2015,kaggle
981,2399,31:08:2015,kaggle
426,2400,31:08:2015,kaggle
435,2401,31:08:2015,kaggle
265,2402,31:08:2015,kaggle
545,2403,31:08:2015,kaggle
499,2404,31:08:2015,kaggle
130,2405,31:08:2015,kaggle
94,2406,31:08:2015,kaggle
377,2407,31:08:2015,kaggle
89,2408,31:08:2015,kaggle
386,2409,31:08:2015,kaggle
588,2410,31:08:2015,kaggle
700,2411,31:08:2015,kaggle
272,2412,31:08:2015,kaggle
534,2413,31:08:2015,kaggle
130,2414,31:08:2015,kaggle
2,2415,31:08:2015,kaggle
374,2416,31:08:2015,kaggle
326,2417,31:08:2015,kaggle
47,2418,31:08:2015,kaggle
657,2419,31:08:2015,kaggle
116,2420,31:08:2015,kaggle
591,2421,31:08:2015,kaggle
671,2422,31:08:2015,kaggle
645,2423,31:08:2015,kaggle
894,2424,31:08:2015,kaggle
300,2425,31:08:2015,kaggle
191,2426,31:08:2015,kaggle
121,2427,31:08:2015,kaggle
298,2428,31:08:2015,kaggle
782,2429,31:08:2015,kaggle
66,2430,31:08:2015,kaggle
29,2431,31:08:2015,kaggle
875,2432,31:08:2015,kaggle
930,2433,31:08:2015,kaggle
62,2434,31:08:2015,kaggle
334,2435,31:08:2015,kaggle
274,2436,31:08:2015,kaggle
821,2437,31:08:2015,kaggle
96,2438,31:08:2015,kaggle
714,2439,31:08:2015,kaggle
976,2440,31:08:2015,kaggle
988,2441,31:08:2015,kaggle
80,2442,31:08:2015,kaggle
515,2443,31:08:2015,kaggle
34,2444,31:08:2015,kaggle
102,2445,31:08:2015,kaggle
307,2446,31:08:2015,kaggle
252,2447,31:08:2015,kaggle
691,2448,31:08:2015,kaggle
241,2449,31:08:2015,kaggle
178,2450,31:08:2015,kaggle
190,2451,31:08:2015,kaggle
511,2452,31:08:2015,kaggle
240,2453,31:08:2015,kaggle
799,2454,31:08:2015,kaggle
633,2455,31:08:2015,kaggle
665,2456,31:08:2015,kaggle
1,2457,31:08:2015,kaggle
545,2458,31:08:2015,kaggle
561,2459,31:08:2015,kaggle
877,2460,31:08:2015,kaggle
195,2461,31:08:2015,kaggle
859,2462,31:08:2015,kaggle
736,2463,31:08:2015,kaggle
342,2464,31:08:2015,kaggle
349,2465,31:08:2015,kaggle
795,2466,31:08:2015,kaggle
23,2467,31:08:2015,kaggle
156,2468,31:08:2015,kaggle
613,2469,31:08:2015,kaggle
458,2470,31:08:2015,kaggle
6,2471,31:08:2015,kaggle
309,2472,31:08:2015,kaggle
871,2473,31:08:2015,kaggle
592,2474,31:08:2015,kaggle
815,2475,31:08:2015,kaggle
110,2476,31:08:2015,kaggle
662,2477,31:08:2015,kaggle
480,2478,31:08:2015,kaggle
268,2479,31:08:2015,kaggle
105,2480,31:08:2015,kaggle
316,2481,31:08:2015,kaggle
560,2482,31:08:2015,kaggle
327,2483,31:08:2015,kaggle
513,2484,31:08:2015,kaggle
510,2485,31:08:2015,kaggle
500,2486,31:08:2015,kaggle
926,2487,31:08:2015,kaggle
243,2488,31:08:2015,kaggle
218,2489,31:08:2015,kaggle
239,2490,31:08:2015,kaggle
478,2491,31:08:2015,kaggle
259,2492,31:08:2015,kaggle
623,2493,31:08:2015,kaggle
111,2494,31:08:2015,kaggle
75,2495,31:08:2015,kaggle
220,2496,31:08:2015,kaggle
621,2497,31:08:2015,kaggle
370,2498,31:08:2015,kaggle
221,2499,31:08:2015,kaggle
260,2500,31:08:2015,kaggle
231,2501,31:08:2015,kaggle
978,2502,31:08:2015,kaggle
776,2503,31:08:2015,kaggle
310,2504,31:08:2015,kaggle
775,2505,31:08:2015,kaggle
868,2506,31:08:2015,kaggle
51,2507,31:08:2015,kaggle
198,2508,31:08:2015,kaggle
158,2509,31:08:2015,kaggle
437,2510,31:08:2015,kaggle
899,2511,31:08:2015,kaggle
825,2512,31:08:2015,kaggle
879,2513,31:08:2015,kaggle
256,2514,31:08:2015,kaggle
773,2515,31:08:2015,kaggle
802,2516,31:08:2015,kaggle
271,2517,31:08:2015,kaggle
922,2518,31:08:2015,kaggle
390,2519,31:08:2015,kaggle
327,2520,31:08:2015,kaggle
733,2521,31:08:2015,kaggle
578,2522,31:08:2015,kaggle
791,2523,31:08:2015,kaggle
113,2524,31:08:2015,kaggle
479,2525,31:08:2015,kaggle
698,2526,31:08:2015,kaggle
252,2527,31:08:2015,kaggle
522,2528,31:08:2015,kaggle
888,2529,31:08:2015,kaggle
776,2530,31:08:2015,kaggle
38,2531,31:08:2015,kaggle
329,2532,31:08:2015,kaggle
573,2533,31:08:2015,kaggle
144,2534,31:08:2015,kaggle
465,2535,31:08:2015,kaggle
378,2536,31:08:2015,kaggle
564,2537,31:08:2015,kaggle
447,2538,31:08:2015,kaggle
519,2539,31:08:2015,kaggle
147,2540,31:08:2015,kaggle
854,2541,31:08:2015,kaggle
25,2542,31:08:2015,kaggle
422,2543,31:08:2015,kaggle
972,2544,31:08:2015,kaggle
48,2545,31:08:2015,kaggle
895,2546,31:08:2015,kaggle
758,2547,31:08:2015,kaggle
271,2548,31:08:2015,kaggle
843,2549,31:08:2015,kaggle
406,2550,31:08:2015,kaggle
978,2551,31:08:2015,kaggle
436,2552,31:08:2015,kaggle
441,2553,31:08:2015,kaggle
85,2554,31:08:2015,kaggle
802,2555,31:08:2015,kaggle
653,2556,31:08:2015,kaggle
215,2557,31:08:2015,kaggle
442,2558,31:08:2015,kaggle
616,2559,31:08:2015,kaggle
944,2560,31:08:2015,kaggle
171,2561,31:08:2015,kaggle
221,2562,31:08:2015,kaggle
810,2563,31:08:2015,kaggle
126,2564,31:08:2015,kaggle
536,2565,31:08:2015,kaggle
780,2566,31:08:2015,kaggle
962,2567,31:08:2015,kaggle
333,2568,31:08:2015,kaggle
457,2569,31:08:2015,kaggle
826,2570,31:08:2015,kaggle
352,2571,31:08:2015,kaggle
308,2572,31:08:2015,kaggle
984,2573,31:08:2015,kaggle
346,2574,31:08:2015,kaggle
765,2575,31:08:2015,kaggle
926,2576,31:08:2015,kaggle
658,2577,31:08:2015,kaggle
342,2578,31:08:2015,kaggle
737,2579,31:08:2015,kaggle
610,2580,31:08:2015,kaggle
651,2581,31:08:2015,kaggle
198,2582,31:08:2015,kaggle
83,2583,31:08:2015,kaggle
464,2584,31:08:2015,kaggle
991,2585,31:08:2015,kaggle
843,2586,31:08:2015,kaggle
541,2587,31:08:2015,kaggle
213,2588,31:08:2015,kaggle
770,2589,31:08:2015,kaggle
949,2590,31:08:2015,kaggle
663,2591,31:08:2015,kaggle
973,2592,31:08:2015,kaggle
722,2593,31:08:2015,kaggle
740,2594,31:08:2015,kaggle
825,2595,31:08:2015,kaggle
473,2596,31:08:2015,kaggle
534,2597,31:08:2015,kaggle
115,2598,31:08:2015,kaggle
190,2599,31:08:2015,kaggle
654,2600,31:08:2015,kaggle
891,2601,31:08:2015,kaggle
507,2602,31:08:2015,kaggle
75,2603,31:08:2015,kaggle
81,2604,31:08:2015,kaggle
581,2605,31:08:2015,kaggle
167,2606,31:08:2015,kaggle
814,2607,31:08:2015,kaggle
24,2608,31:08:2015,kaggle
981,2609,31:08:2015,kaggle
337,2610,31:08:2015,kaggle
178,2611,31:08:2015,kaggle
569,2612,31:08:2015,kaggle
540,2613,31:08:2015,kaggle
166,2614,31:08:2015,kaggle
774,2615,31:08:2015,kaggle
563,2616,31:08:2015,kaggle
163,2617,31:08:2015,kaggle
847,2618,31:08:2015,kaggle
350,2619,31:08:2015,kaggle
306,2620,31:08:2015,kaggle
987,2621,31:08:2015,kaggle
817,2622,31:08:2015,kaggle
47,2623,31:08:2015,kaggle
199,2624,31:08:2015,kaggle
951,2625,31:08:2015,kaggle
412,2626,31:08:2015,kaggle
545,2627,31:08:2015,kaggle
648,2628,31:08:2015,kaggle
693,2629,31:08:2015,kaggle
873,2630,31:08:2015,kaggle
608,2631,31:08:2015,kaggle
102,2632,31:08:2015,kaggle
277,2633,31:08:2015,kaggle
967,2634,31:08:2015,kaggle
34,2635,31:08:2015,kaggle
526,2636,31:08:2015,kaggle
829,2637,31:08:2015,kaggle
950,2638,31:08:2015,kaggle
506,2639,31:08:2015,kaggle
61,2640,31:08:2015,kaggle
363,2641,31:08:2015,kaggle
89,2642,31:08:2015,kaggle
256,2643,31:08:2015,kaggle
861,2644,31:08:2015,kaggle
878,2645,31:08:2015,kaggle
515,2646,31:08:2015,kaggle
781,2647,31:08:2015,kaggle
108,2648,31:08:2015,kaggle
944,2649,31:08:2015,kaggle
438,2650,31:08:2015,kaggle
630,2651,31:08:2015,kaggle
427,2652,31:08:2015,kaggle
502,2653,31:08:2015,kaggle
886,2654,31:08:2015,kaggle
843,2655,31:08:2015,kaggle
909,2656,31:08:2015,kaggle
571,2657,31:08:2015,kaggle
687,2658,31:08:2015,kaggle
617,2659,31:08:2015,kaggle
500,2660,31:08:2015,kaggle
8,2661,31:08:2015,kaggle
517,2662,31:08:2015,kaggle
905,2663,31:08:2015,kaggle
964,2664,31:08:2015,kaggle
191,2665,31:08:2015,kaggle
967,2666,31:08:2015,kaggle
829,2667,31:08:2015,kaggle
948,2668,31:08:2015,kaggle
560,2669,31:08:2015,kaggle
25,2670,31:08:2015,kaggle
485,2671,31:08:2015,kaggle
544,2672,31:08:2015,kaggle
431,2673,31:08:2015,kaggle
279,2674,31:08:2015,kaggle
994,2675,31:08:2015,kaggle
447,2676,31:08:2015,kaggle
334,2677,31:08:2015,kaggle
761,2678,31:08:2015,kaggle
114,2679,31:08:2015,kaggle
763,2680,31:08:2015,kaggle
762,2681,31:08:2015,kaggle
498,2682,31:08:2015,kaggle
648,2683,31:08:2015,kaggle
853,2684,31:08:2015,kaggle
399,2685,31:08:2015,kaggle
556,2686,31:08:2015,kaggle
299,2687,31:08:2015,kaggle
689,2688,31:08:2015,kaggle
586,2689,31:08:2015,kaggle
317,2690,31:08:2015,kaggle
630,2691,31:08:2015,kaggle
416,2692,31:08:2015,kaggle
748,2693,31:08:2015,kaggle
736,2694,31:08:2015,kaggle
651,2695,31:08:2015,kaggle
419,2696,31:08:2015,kaggle
811,2697,31:08:2015,kaggle
830,2698,31:08:2015,kaggle
879,2699,31:08:2015,kaggle
92,2700,31:08:2015,kaggle
392,2701,31:08:2015,kaggle
162,2702,31:08:2015,kaggle
227,2703,31:08:2015,kaggle
362,2704,31:08:2015,kaggle
486,2705,31:08:2015,kaggle
41,2706,31:08:2015,kaggle
871,2707,31:08:2015,kaggle
676,2708,31:08:2015,kaggle
76,2709,31:08:2015,kaggle
519,2710,31:08:2015,kaggle
15,2711,31:08:2015,kaggle
237,2712,31:08:2015,kaggle
383,2713,31:08:2015,kaggle
941,2714,31:08:2015,kaggle
856,2715,31:08:2015,kaggle
531,2716,31:08:2015,kaggle
359,2717,31:08:2015,kaggle
500,2718,31:08:2015,kaggle
617,2719,31:08:2015,kaggle
375,2720,31:08:2015,kaggle
674,2721,31:08:2015,kaggle
569,2722,31:08:2015,kaggle
940,2723,31:08:2015,kaggle
102,2724,31:08:2015,kaggle
56,2725,31:08:2015,kaggle
142,2726,31:08:2015,kaggle
928,2727,31:08:2015,kaggle
196,2728,31:08:2015,kaggle
508,2729,31:08:2015,kaggle
597,2730,31:08:2015,kaggle
978,2731,31:08:2015,kaggle
810,2732,31:08:2015,kaggle
250,2733,31:08:2015,kaggle
265,2734,31:08:2015,kaggle
125,2735,31:08:2015,kaggle
305,2736,31:08:2015,kaggle
241,2737,31:08:2015,kaggle
750,2738,31:08:2015,kaggle
566,2739,31:08:2015,kaggle
712,2740,31:08:2015,kaggle
668,2741,31:08:2015,kaggle
948,2742,31:08:2015,kaggle
699,2743,31:08:2015,kaggle
915,2744,31:08:2015,kaggle
168,2745,31:08:2015,kaggle
534,2746,31:08:2015,kaggle
319,2747,31:08:2015,kaggle
193,2748,31:08:2015,kaggle
581,2749,31:08:2015,kaggle
140,2750,31:08:2015,kaggle
434,2751,31:08:2015,kaggle
853,2752,31:08:2015,kaggle
698,2753,31:08:2015,kaggle
874,2754,31:08:2015,kaggle
91,2755,31:08:2015,kaggle
691,2756,31:08:2015,kaggle
142,2757,31:08:2015,kaggle
161,2758,31:08:2015,kaggle
940,2759,31:08:2015,kaggle
726,2760,31:08:2015,kaggle
568,2761,31:08:2015,kaggle
598,2762,31:08:2015,kaggle
289,2763,31:08:2015,kaggle
273,2764,31:08:2015,kaggle
241,2765,31:08:2015,kaggle
171,2766,31:08:2015,kaggle
840,2767,31:08:2015,kaggle
591,2768,31:08:2015,kaggle
966,2769,31:08:2015,kaggle
781,2770,31:08:2015,kaggle
674,2771,31:08:2015,kaggle
527,2772,31:08:2015,kaggle
426,2773,31:08:2015,kaggle
253,2774,31:08:2015,kaggle
260,2775,31:08:2015,kaggle
828,2776,31:08:2015,kaggle
400,2777,31:08:2015,kaggle
4,2778,31:08:2015,kaggle
847,2779,31:08:2015,kaggle
845,2780,31:08:2015,kaggle
934,2781,31:08:2015,kaggle
620,2782,31:08:2015,kaggle
24,2783,31:08:2015,kaggle
49,2784,31:08:2015,kaggle
778,2785,31:08:2015,kaggle
983,2786,31:08:2015,kaggle
878,2787,31:08:2015,kaggle
865,2788,31:08:2015,kaggle
762,2789,31:08:2015,kaggle
718,2790,31:08:2015,kaggle
123,2791,31:08:2015,kaggle
795,2792,31:08:2015,kaggle
930,2793,31:08:2015,kaggle
214,2794,31:08:2015,kaggle
522,2795,31:08:2015,kaggle
587,2796,31:08:2015,kaggle
707,2797,31:08:2015,kaggle
79,2798,31:08:2015,kaggle
354,2799,31:08:2015,kaggle
282,2800,31:08:2015,kaggle
415,2801,31:08:2015,kaggle
881,2802,31:08:2015,kaggle
394,2803,31:08:2015,kaggle
783,2804,31:08:2015,kaggle
210,2805,31:08:2015,kaggle
371,2806,31:08:2015,kaggle
723,2807,31:08:2015,kaggle
594,2808,31:08:2015,kaggle
307,2809,31:08:2015,kaggle
887,2810,31:08:2015,kaggle
555,2811,31:08:2015,kaggle
791,2812,31:08:2015,kaggle
758,2813,31:08:2015,kaggle
64,2814,31:08:2015,kaggle
337,2815,31:08:2015,kaggle
983,2816,31:08:2015,kaggle
584,2817,31:08:2015,kaggle
300,2818,31:08:2015,kaggle
984,2819,31:08:2015,kaggle
124,2820,31:08:2015,kaggle
998,2821,31:08:2015,kaggle
963,2822,31:08:2015,kaggle
291,2823,31:08:2015,kaggle
470,2824,31:08:2015,kaggle
101,2825,31:08:2015,kaggle
471,2826,31:08:2015,kaggle
793,2827,31:08:2015,kaggle
626,2828,31:08:2015,kaggle
557,2829,31:08:2015,kaggle
890,2830,31:08:2015,kaggle
185,2831,31:08:2015,kaggle
713,2832,31:08:2015,kaggle
784,2833,31:08:2015,kaggle
306,2834,31:08:2015,kaggle
211,2835,31:08:2015,kaggle
96,2836,31:08:2015,kaggle
873,2837,31:08:2015,kaggle
52,2838,31:08:2015,kaggle
969,2839,31:08:2015,kaggle
544,2840,31:08:2015,kaggle
301,2841,31:08:2015,kaggle
174,2842,31:08:2015,kaggle
98,2843,31:08:2015,kaggle
275,2844,31:08:2015,kaggle
86,2845,31:08:2015,kaggle
382,2846,31:08:2015,kaggle
353,2847,31:08:2015,kaggle
568,2848,31:08:2015,kaggle
561,2849,31:08:2015,kaggle
444,2850,31:08:2015,kaggle
404,2851,31:08:2015,kaggle
830,2852,31:08:2015,kaggle
724,2853,31:08:2015,kaggle
846,2854,31:08:2015,kaggle
93,2855,31:08:2015,kaggle
808,2856,31:08:2015,kaggle
612,2857,31:08:2015,kaggle
430,2858,31:08:2015,kaggle
604,2859,31:08:2015,kaggle
922,2860,31:08:2015,kaggle
462,2861,31:08:2015,kaggle
663,2862,31:08:2015,kaggle
861,2863,31:08:2015,kaggle
583,2864,31:08:2015,kaggle
530,2865,31:08:2015,kaggle
479,2866,31:08:2015,kaggle
450,2867,31:08:2015,kaggle
477,2868,31:08:2015,kaggle
203,2869,31:08:2015,kaggle
595,2870,31:08:2015,kaggle
805,2871,31:08:2015,kaggle
966,2872,31:08:2015,kaggle
95,2873,31:08:2015,kaggle
85,2874,31:08:2015,kaggle
463,2875,31:08:2015,kaggle
155,2876,31:08:2015,kaggle
599,2877,31:08:2015,kaggle
172,2878,31:08:2015,kaggle
927,2879,31:08:2015,kaggle
850,2880,31:08:2015,kaggle
893,2881,31:08:2015,kaggle
135,2882,31:08:2015,kaggle
95,2883,31:08:2015,kaggle
523,2884,31:08:2015,kaggle
517,2885,31:08:2015,kaggle
161,2886,31:08:2015,kaggle
907,2887,31:08:2015,kaggle
895,2888,31:08:2015,kaggle
75,2889,31:08:2015,kaggle
418,2890,31:08:2015,kaggle
185,2891,31:08:2015,kaggle
870,2892,31:08:2015,kaggle
455,2893,31:08:2015,kaggle
797,2894,31:08:2015,kaggle
386,2895,31:08:2015,kaggle
69,2896,31:08:2015,kaggle
618,2897,31:08:2015,kaggle
990,2898,31:08:2015,kaggle
380,2899,31:08:2015,kaggle
390,2900,31:08:2015,kaggle
934,2901,31:08:2015,kaggle
924,2902,31:08:2015,kaggle
341,2903,31:08:2015,kaggle
142,2904,31:08:2015,kaggle
820,2905,31:08:2015,kaggle
286,2906,31:08:2015,kaggle
331,2907,31:08:2015,kaggle
606,2908,31:08:2015,kaggle
200,2909,31:08:2015,kaggle
81,2910,31:08:2015,kaggle
752,2911,31:08:2015,kaggle
637,2912,31:08:2015,kaggle
82,2913,31:08:2015,kaggle
412,2914,31:08:2015,kaggle
497,2915,31:08:2015,kaggle
925,2916,31:08:2015,kaggle
652,2917,31:08:2015,kaggle
882,2918,31:08:2015,kaggle
276,2919,31:08:2015,kaggle
931,2920,31:08:2015,kaggle
877,2921,31:08:2015,kaggle
367,2922,31:08:2015,kaggle
727,2923,31:08:2015,kaggle
16,2924,31:08:2015,kaggle
294,2925,31:08:2015,kaggle
237,2926,31:08:2015,kaggle
446,2927,31:08:2015,kaggle
851,2928,31:08:2015,kaggle
395,2929,31:08:2015,kaggle
580,2930,31:08:2015,kaggle
95,2931,31:08:2015,kaggle
486,2932,31:08:2015,kaggle
318,2933,31:08:2015,kaggle
230,2934,31:08:2015,kaggle
144,2935,31:08:2015,kaggle
484,2936,31:08:2015,kaggle
270,2937,31:08:2015,kaggle
449,2938,31:08:2015,kaggle
836,2939,31:08:2015,kaggle
909,2940,31:08:2015,kaggle
858,2941,31:08:2015,kaggle
628,2942,31:08:2015,kaggle
941,2943,31:08:2015,kaggle
105,2944,31:08:2015,kaggle
942,2945,31:08:2015,kaggle
481,2946,31:08:2015,kaggle
869,2947,31:08:2015,kaggle
638,2948,31:08:2015,kaggle
713,2949,31:08:2015,kaggle
936,2950,31:08:2015,kaggle
662,2951,31:08:2015,kaggle
213,2952,31:08:2015,kaggle
312,2953,31:08:2015,kaggle
349,2954,31:08:2015,kaggle
364,2955,31:08:2015,kaggle
502,2956,31:08:2015,kaggle
684,2957,31:08:2015,kaggle
978,2958,31:08:2015,kaggle
432,2959,31:08:2015,kaggle
589,2960,31:08:2015,kaggle
295,2961,31:08:2015,kaggle
906,2962,31:08:2015,kaggle
988,2963,31:08:2015,kaggle
35,2964,31:08:2015,kaggle
593,2965,31:08:2015,kaggle
366,2966,31:08:2015,kaggle
207,2967,31:08:2015,kaggle
444,2968,31:08:2015,kaggle
280,2969,31:08:2015,kaggle
237,2970,31:08:2015,kaggle
959,2971,31:08:2015,kaggle
428,2972,31:08:2015,kaggle
351,2973,31:08:2015,kaggle
424,2974,31:08:2015,kaggle
601,2975,31:08:2015,kaggle
699,2976,31:08:2015,kaggle
119,2977,31:08:2015,kaggle
345,2978,31:08:2015,kaggle
556,2979,31:08:2015,kaggle
731,2980,31:08:2015,kaggle
202,2981,31:08:2015,kaggle
585,2982,31:08:2015,kaggle
298,2983,31:08:2015,kaggle
762,2984,31:08:2015,kaggle
775,2985,31:08:2015,kaggle
992,2986,31:08:2015,kaggle
435,2987,31:08:2015,kaggle
824,2988,31:08:2015,kaggle
898,2989,31:08:2015,kaggle
717,2990,31:08:2015,kaggle
841,2991,31:08:2015,kaggle
949,2992,31:08:2015,kaggle
112,2993,31:08:2015,kaggle
308,2994,31:08:2015,kaggle
377,2995,31:08:2015,kaggle
264,2996,31:08:2015,kaggle
45,2997,31:08:2015,kaggle
71,2998,31:08:2015,kaggle
602,2999,31:08:2015,kaggle
170,3000,31:08:2015,kaggle
27,3001,31:08:2015,kaggle
506,3002,31:08:2015,kaggle
242,3003,31:08:2015,kaggle
322,3004,31:08:2015,kaggle
22,3005,31:08:2015,kaggle
191,3006,31:08:2015,kaggle
272,3007,31:08:2015,kaggle
450,3008,31:08:2015,kaggle
507,3009,31:08:2015,kaggle
211,3010,31:08:2015,kaggle
818,3011,31:08:2015,kaggle
891,3012,31:08:2015,kaggle
589,3013,31:08:2015,kaggle
850,3014,31:08:2015,kaggle
500,3015,31:08:2015,kaggle
782,3016,31:08:2015,kaggle
325,3017,31:08:2015,kaggle
612,3018,31:08:2015,kaggle
667,3019,31:08:2015,kaggle
651,3020,31:08:2015,kaggle
216,3021,31:08:2015,kaggle
467,3022,31:08:2015,kaggle
692,3023,31:08:2015,kaggle
254,3024,31:08:2015,kaggle
208,3025,31:08:2015,kaggle
170,3026,31:08:2015,kaggle
930,3027,31:08:2015,kaggle
944,3028,31:08:2015,kaggle
13,3029,31:08:2015,kaggle
732,3030,31:08:2015,kaggle
43,3031,31:08:2015,kaggle
939,3032,31:08:2015,kaggle
275,3033,31:08:2015,kaggle
260,3034,31:08:2015,kaggle
135,3035,31:08:2015,kaggle
416,3036,31:08:2015,kaggle
460,3037,31:08:2015,kaggle
771,3038,31:08:2015,kaggle
518,3039,31:08:2015,kaggle
75,3040,31:08:2015,kaggle
615,3041,31:08:2015,kaggle
265,3042,31:08:2015,kaggle
780,3043,31:08:2015,kaggle
710,3044,31:08:2015,kaggle
288,3045,31:08:2015,kaggle
509,3046,31:08:2015,kaggle
739,3047,31:08:2015,kaggle
927,3048,31:08:2015,kaggle
541,3049,31:08:2015,kaggle
33,3050,31:08:2015,kaggle
268,3051,31:08:2015,kaggle
954,3052,31:08:2015,kaggle
68,3053,31:08:2015,kaggle
94,3054,31:08:2015,kaggle
424,3055,31:08:2015,kaggle
926,3056,31:08:2015,kaggle
122,3057,31:08:2015,kaggle
377,3058,31:08:2015,kaggle
736,3059,31:08:2015,kaggle
13,3060,31:08:2015,kaggle
889,3061,31:08:2015,kaggle
475,3062,31:08:2015,kaggle
12,3063,31:08:2015,kaggle
310,3064,31:08:2015,kaggle
539,3065,31:08:2015,kaggle
471,3066,31:08:2015,kaggle
609,3067,31:08:2015,kaggle
368,3068,31:08:2015,kaggle
453,3069,31:08:2015,kaggle
991,3070,31:08:2015,kaggle
89,3071,31:08:2015,kaggle
619,3072,31:08:2015,kaggle
458,3073,31:08:2015,kaggle
710,3074,31:08:2015,kaggle
283,3075,31:08:2015,kaggle
512,3076,31:08:2015,kaggle
445,3077,31:08:2015,kaggle
594,3078,31:08:2015,kaggle
598,3079,31:08:2015,kaggle
40,3080,31:08:2015,kaggle
128,3081,31:08:2015,kaggle
73,3082,31:08:2015,kaggle
423,3083,31:08:2015,kaggle
344,3084,31:08:2015,kaggle
503,3085,31:08:2015,kaggle
895,3086,31:08:2015,kaggle
322,3087,31:08:2015,kaggle
824,3088,31:08:2015,kaggle
959,3089,31:08:2015,kaggle
827,3090,31:08:2015,kaggle
615,3091,31:08:2015,kaggle
797,3092,31:08:2015,kaggle
692,3093,31:08:2015,kaggle
74,3094,31:08:2015,kaggle
467,3095,31:08:2015,kaggle
157,3096,31:08:2015,kaggle
656,3097,31:08:2015,kaggle
130,3098,31:08:2015,kaggle
386,3099,31:08:2015,kaggle
19,3100,31:08:2015,kaggle
545,3101,31:08:2015,kaggle
925,3102,31:08:2015,kaggle
505,3103,31:08:2015,kaggle
399,3104,31:08:2015,kaggle
134,3105,31:08:2015,kaggle
955,3106,31:08:2015,kaggle
275,3107,31:08:2015,kaggle
772,3108,31:08:2015,kaggle
596,3109,31:08:2015,kaggle
119,3110,31:08:2015,kaggle
799,3111,31:08:2015,kaggle
43,3112,31:08:2015,kaggle
874,3113,31:08:2015,kaggle
865,3114,31:08:2015,kaggle
422,3115,31:08:2015,kaggle
421,3116,31:08:2015,kaggle
146,3117,31:08:2015,kaggle
329,3118,31:08:2015,kaggle
768,3119,31:08:2015,kaggle
967,3120,31:08:2015,kaggle
787,3121,31:08:2015,kaggle
724,3122,31:08:2015,kaggle
870,3123,31:08:2015,kaggle
468,3124,31:08:2015,kaggle
712,3125,31:08:2015,kaggle
52,3126,31:08:2015,kaggle
863,3127,31:08:2015,kaggle
715,3128,31:08:2015,kaggle
759,3129,31:08:2015,kaggle
612,3130,31:08:2015,kaggle
691,3131,31:08:2015,kaggle
687,3132,31:08:2015,kaggle
734,3133,31:08:2015,kaggle
102,3134,31:08:2015,kaggle
654,3135,31:08:2015,kaggle
746,3136,31:08:2015,kaggle
429,3137,31:08:2015,kaggle
219,3138,31:08:2015,kaggle
915,3139,31:08:2015,kaggle
185,3140,31:08:2015,kaggle
210,3141,31:08:2015,kaggle
410,3142,31:08:2015,kaggle
644,3143,31:08:2015,kaggle
184,3144,31:08:2015,kaggle
234,3145,31:08:2015,kaggle
29,3146,31:08:2015,kaggle
70,3147,31:08:2015,kaggle
56,3148,31:08:2015,kaggle
971,3149,31:08:2015,kaggle
808,3150,31:08:2015,kaggle
315,3151,31:08:2015,kaggle
929,3152,31:08:2015,kaggle
221,3153,31:08:2015,kaggle
142,3154,31:08:2015,kaggle
224,3155,31:08:2015,kaggle
958,3156,31:08:2015,kaggle
369,3157,31:08:2015,kaggle
886,3158,31:08:2015,kaggle
351,3159,31:08:2015,kaggle
917,3160,31:08:2015,kaggle
192,3161,31:08:2015,kaggle
905,3162,31:08:2015,kaggle
389,3163,31:08:2015,kaggle
97,3164,31:08:2015,kaggle
710,3165,31:08:2015,kaggle
430,3166,31:08:2015,kaggle
103,3167,31:08:2015,kaggle
146,3168,31:08:2015,kaggle
119,3169,31:08:2015,kaggle
187,3170,31:08:2015,kaggle
217,3171,31:08:2015,kaggle
473,3172,31:08:2015,kaggle
774,3173,31:08:2015,kaggle
498,3174,31:08:2015,kaggle
224,3175,31:08:2015,kaggle
924,3176,31:08:2015,kaggle
654,3177,31:08:2015,kaggle
866,3178,31:08:2015,kaggle
545,3179,31:08:2015,kaggle
494,3180,31:08:2015,kaggle
804,3181,31:08:2015,kaggle
776,3182,31:08:2015,kaggle
387,3183,31:08:2015,kaggle
911,3184,31:08:2015,kaggle
634,3185,31:08:2015,kaggle
315,3186,31:08:2015,kaggle
116,3187,31:08:2015,kaggle
180,3188,31:08:2015,kaggle
660,3189,31:08:2015,kaggle
14,3190,31:08:2015,kaggle
193,3191,31:08:2015,kaggle
518,3192,31:08:2015,kaggle
898,3193,31:08:2015,kaggle
783,3194,31:08:2015,kaggle
802,3195,31:08:2015,kaggle
181,3196,31:08:2015,kaggle
538,3197,31:08:2015,kaggle
559,3198,31:08:2015,kaggle
653,3199,31:08:2015,kaggle
531,3200,31:08:2015,kaggle
767,3201,31:08:2015,kaggle
430,3202,31:08:2015,kaggle
508,3203,31:08:2015,kaggle
439,3204,31:08:2015,kaggle
265,3205,31:08:2015,kaggle
259,3206,31:08:2015,kaggle
129,3207,31:08:2015,kaggle
307,3208,31:08:2015,kaggle
619,3209,31:08:2015,kaggle
547,3210,31:08:2015,kaggle
689,3211,31:08:2015,kaggle
131,3212,31:08:2015,kaggle
886,3213,31:08:2015,kaggle
470,3214,31:08:2015,kaggle
490,3215,31:08:2015,kaggle
465,3216,31:08:2015,kaggle
850,3217,31:08:2015,kaggle
467,3218,31:08:2015,kaggle
23,3219,31:08:2015,kaggle
648,3220,31:08:2015,kaggle
214,3221,31:08:2015,kaggle
877,3222,31:08:2015,kaggle
379,3223,31:08:2015,kaggle
147,3224,31:08:2015,kaggle
636,3225,31:08:2015,kaggle
151,3226,31:08:2015,kaggle
892,3227,31:08:2015,kaggle
9,3228,31:08:2015,kaggle
649,3229,31:08:2015,kaggle
450,3230,31:08:2015,kaggle
242,3231,31:08:2015,kaggle
270,3232,31:08:2015,kaggle
325,3233,31:08:2015,kaggle
925,3234,31:08:2015,kaggle
906,3235,31:08:2015,kaggle
546,3236,31:08:2015,kaggle
32,3237,31:08:2015,kaggle
686,3238,31:08:2015,kaggle
16,3239,31:08:2015,kaggle
760,3240,31:08:2015,kaggle
147,3241,31:08:2015,kaggle
769,3242,31:08:2015,kaggle
324,3243,31:08:2015,kaggle
726,3244,31:08:2015,kaggle
858,3245,31:08:2015,kaggle
151,3246,31:08:2015,kaggle
262,3247,31:08:2015,kaggle
236,3248,31:08:2015,kaggle
348,3249,31:08:2015,kaggle
169,3250,31:08:2015,kaggle
851,3251,31:08:2015,kaggle
830,3252,31:08:2015,kaggle
578,3253,31:08:2015,kaggle
765,3254,31:08:2015,kaggle
455,3255,31:08:2015,kaggle
825,3256,31:08:2015,kaggle
26,3257,31:08:2015,kaggle
947,3258,31:08:2015,kaggle
627,3259,31:08:2015,kaggle
930,3260,31:08:2015,kaggle
385,3261,31:08:2015,kaggle
498,3262,31:08:2015,kaggle
386,3263,31:08:2015,kaggle
367,3264,31:08:2015,kaggle
347,3265,31:08:2015,kaggle
768,3266,31:08:2015,kaggle
649,3267,31:08:2015,kaggle
720,3268,31:08:2015,kaggle
586,3269,31:08:2015,kaggle
426,3270,31:08:2015,kaggle
839,3271,31:08:2015,kaggle
660,3272,31:08:2015,kaggle
101,3273,31:08:2015,kaggle
430,3274,31:08:2015,kaggle
759,3275,31:08:2015,kaggle
349,3276,31:08:2015,kaggle
343,3277,31:08:2015,kaggle
807,3278,31:08:2015,kaggle
188,3279,31:08:2015,kaggle
15,3280,31:08:2015,kaggle
594,3281,31:08:2015,kaggle
498,3282,31:08:2015,kaggle
657,3283,31:08:2015,kaggle
767,3284,31:08:2015,kaggle
67,3285,31:08:2015,kaggle
462,3286,31:08:2015,kaggle
633,3287,31:08:2015,kaggle
95,3288,31:08:2015,kaggle
913,3289,31:08:2015,kaggle
916,3290,31:08:2015,kaggle
158,3291,31:08:2015,kaggle
209,3292,31:08:2015,kaggle
965,3293,31:08:2015,kaggle
751,3294,31:08:2015,kaggle
703,3295,31:08:2015,kaggle
789,3296,31:08:2015,kaggle
790,3297,31:08:2015,kaggle
202,3298,31:08:2015,kaggle
973,3299,31:08:2015,kaggle
960,3300,31:08:2015,kaggle
583,3301,31:08:2015,kaggle
423,3302,31:08:2015,kaggle
77,3303,31:08:2015,kaggle
173,3304,31:08:2015,kaggle
247,3305,31:08:2015,kaggle
970,3306,31:08:2015,kaggle
867,3307,31:08:2015,kaggle
654,3308,31:08:2015,kaggle
894,3309,31:08:2015,kaggle
418,3310,31:08:2015,kaggle
997,3311,31:08:2015,kaggle
383,3312,31:08:2015,kaggle
559,3313,31:08:2015,kaggle
917,3314,31:08:2015,kaggle
268,3315,31:08:2015,kaggle
143,3316,31:08:2015,kaggle
580,3317,31:08:2015,kaggle
914,3318,31:08:2015,kaggle
756,3319,31:08:2015,kaggle
157,3320,31:08:2015,kaggle
213,3321,31:08:2015,kaggle
862,3322,31:08:2015,kaggle
810,3323,31:08:2015,kaggle
123,3324,31:08:2015,kaggle
807,3325,31:08:2015,kaggle
548,3326,31:08:2015,kaggle
454,3327,31:08:2015,kaggle
132,3328,31:08:2015,kaggle
141,3329,31:08:2015,kaggle
241,3330,31:08:2015,kaggle
622,3331,31:08:2015,kaggle
592,3332,31:08:2015,kaggle
409,3333,31:08:2015,kaggle
45,3334,31:08:2015,kaggle
834,3335,31:08:2015,kaggle
936,3336,31:08:2015,kaggle
879,3337,31:08:2015,kaggle
371,3338,31:08:2015,kaggle
22,3339,31:08:2015,kaggle
659,3340,31:08:2015,kaggle
213,3341,31:08:2015,kaggle
132,3342,31:08:2015,kaggle
236,3343,31:08:2015,kaggle
53,3344,31:08:2015,kaggle
500,3345,31:08:2015,kaggle
212,3346,31:08:2015,kaggle
34,3347,31:08:2015,kaggle
279,3348,31:08:2015,kaggle
681,3349,31:08:2015,kaggle
102,3350,31:08:2015,kaggle
559,3351,31:08:2015,kaggle
495,3352,31:08:2015,kaggle
272,3353,31:08:2015,kaggle
947,3354,31:08:2015,kaggle
553,3355,31:08:2015,kaggle
353,3356,31:08:2015,kaggle
824,3357,31:08:2015,kaggle
919,3358,31:08:2015,kaggle
455,3359,31:08:2015,kaggle
969,3360,31:08:2015,kaggle
287,3361,31:08:2015,kaggle
970,3362,31:08:2015,kaggle
256,3363,31:08:2015,kaggle
608,3364,31:08:2015,kaggle
444,3365,31:08:2015,kaggle
309,3366,31:08:2015,kaggle
209,3367,31:08:2015,kaggle
848,3368,31:08:2015,kaggle
55,3369,31:08:2015,kaggle
316,3370,31:08:2015,kaggle
1000,3371,31:08:2015,kaggle
511,3372,31:08:2015,kaggle
650,3373,31:08:2015,kaggle
401,3374,31:08:2015,kaggle
573,3375,31:08:2015,kaggle
274,3376,31:08:2015,kaggle
527,3377,31:08:2015,kaggle
216,3378,31:08:2015,kaggle
393,3379,31:08:2015,kaggle
751,3380,31:08:2015,kaggle
707,3381,31:08:2015,kaggle
26,3382,31:08:2015,kaggle
521,3383,31:08:2015,kaggle
118,3384,31:08:2015,kaggle
345,3385,31:08:2015,kaggle
676,3386,31:08:2015,kaggle
296,3387,31:08:2015,kaggle
