student_id,user_id,group_id
1,812,1
2,377,1
3,934,1
4,860,1
5,81,1
6,784,1
7,206,1
8,242,1
9,406,1
10,831,1
11,443,1
12,665,1
13,241,1
14,473,1
15,229,1
16,55,1
17,546,1
18,942,1
19,27,1
20,814,1
21,762,1
22,413,1
23,453,1
24,204,1
25,483,1
26,924,1
27,254,1
28,516,1
29,6,1
30,386,1
31,447,1
32,110,1
33,708,1
34,389,1
35,143,1
36,115,1
37,451,1
38,969,1
39,345,1
40,108,1
41,746,1
42,805,1
43,833,1
44,874,1
45,5,1
46,828,1
47,678,1
48,925,1
49,338,1
50,106,1
51,788,2
52,472,2
53,942,2
54,636,2
55,908,2
56,554,2
57,914,2
58,654,2
59,635,2
60,247,2
61,566,2
62,840,2
63,557,2
64,712,2
65,28,2
66,183,2
67,962,2
68,272,2
69,58,2
70,145,2
71,612,2
72,387,2
73,104,2
74,99,2
75,634,2
76,607,2
77,708,2
78,752,2
79,268,2
80,95,2
81,93,2
82,402,2
83,589,2
84,136,2
85,546,2
86,782,2
87,537,2
88,828,2
89,901,2
90,234,2
91,281,2
92,261,2
93,971,2
94,149,2
95,727,2
96,508,3
97,634,3
98,757,3
99,886,3
100,758,3
101,751,3
102,272,3
103,478,3
104,909,3
105,781,3
106,32,3
107,500,3
108,85,3
109,355,3
110,151,3
111,753,3
112,825,3
113,453,3
114,766,3
115,152,3
116,783,3
117,434,3
118,276,3
119,673,3
120,21,3
121,52,3
122,295,3
123,451,3
124,990,3
125,718,3
126,481,3
127,199,3
128,390,3
129,349,3
130,697,3
131,932,3
132,649,3
133,196,3
134,561,3
135,60,3
136,66,3
137,425,3
138,910,3
139,7,3
140,689,3
141,559,3
142,734,3
143,760,4
144,672,4
145,7,4
146,827,4
147,820,4
148,475,4
149,505,4
150,237,4
151,180,4
152,545,4
153,901,4
154,713,4
155,466,5
156,945,5
157,622,5
158,774,5
159,829,5
160,482,5
161,120,5
162,996,5
163,475,5
164,477,5
165,770,5
166,206,5
167,476,5
168,825,5
169,389,5
170,352,5
171,200,5
172,876,5
173,701,5
174,916,5
175,150,5
176,827,5
177,15,5
178,328,5
179,928,5
180,740,5
181,953,5
182,588,5
183,872,5
184,490,5
185,674,5
186,785,5
187,296,5
188,862,5
189,287,5
190,813,5
191,850,5
192,27,5
193,531,6
194,908,6
195,308,6
196,533,6
197,92,6
198,391,6
199,367,6
200,139,6
201,339,6
202,688,6
203,466,6
204,643,6
205,674,6
206,483,6
207,975,6
208,234,6
209,129,6
210,601,7
211,514,7
212,722,7
213,214,7
214,440,7
215,833,7
216,663,7
217,295,7
218,404,7
219,38,7
220,644,7
221,154,7
222,233,7
223,15,7
224,475,7
225,778,7
226,2,7
227,436,7
228,437,7
229,348,7
230,31,7
231,966,8
232,530,8
233,184,8
234,976,8
235,979,8
236,27,8
237,204,8
238,29,8
239,616,8
240,721,8
241,528,8
242,389,8
243,560,8
244,190,8
245,759,8
246,624,8
247,86,8
248,101,8
249,862,8
250,34,8
251,458,8
252,808,8
253,484,8
254,506,8
255,178,8
256,806,8
257,943,8
258,185,8
259,503,8
260,768,8
261,847,8
262,887,8
263,427,8
264,575,8
265,982,8
266,386,8
267,319,8
268,839,8
269,180,8
270,634,8
271,520,8
272,739,9
273,320,9
274,36,9
275,151,9
276,819,9
277,205,9
278,722,9
279,414,9
280,175,9
281,75,9
282,180,9
283,979,9
284,829,9
285,510,9
286,272,9
287,619,9
288,785,9
289,856,9
290,368,9
291,181,9
292,699,9
293,868,10
294,766,10
295,846,10
296,519,10
297,802,10
298,119,10
299,494,10
300,858,10
301,667,10
302,974,10
303,896,10
304,197,10
305,383,10
306,370,10
307,698,10
308,782,10
309,399,10
310,540,10
311,277,10
312,770,10
313,334,10
314,875,10
315,672,10
316,228,10
317,783,10
318,910,10
319,74,10
320,583,10
321,408,10
322,830,10
323,258,10
324,676,10
325,646,10
326,776,10
327,44,10
328,598,10
329,190,10
330,969,10
331,255,10
332,908,10
333,752,10
334,439,10
335,907,10
336,825,10
337,983,10
338,699,10
339,26,10
340,760,10
341,726,10
342,38,10
343,572,10
344,86,10
345,803,11
346,403,11
347,217,11
348,523,11
349,840,11
350,857,11
351,571,11
352,100,11
353,932,11
354,626,11
355,182,11
356,706,11
357,729,11
358,744,11
359,890,11
360,755,11
361,997,11
362,121,11
363,892,11
364,55,11
365,644,11
366,860,11
367,230,11
368,384,11
369,845,11
370,946,11
371,542,11
372,500,11
373,42,11
374,767,11
375,381,11
376,347,11
377,597,11
378,648,11
379,776,11
380,812,11
381,138,11
382,529,11
383,964,11
384,637,11
385,521,11
386,980,11
387,198,11
388,691,11
389,391,11
390,947,11
391,974,11
392,951,11
393,45,12
394,828,12
395,425,12
396,343,12
397,759,12
398,149,12
399,528,12
400,939,12
401,132,12
402,836,12
403,177,12
404,969,12
405,204,12
406,372,12
407,797,12
408,27,12
409,870,12
410,783,12
411,729,12
412,775,12
413,166,12
414,829,12
415,889,12
416,673,12
417,635,12
418,455,12
419,626,12
420,176,12
421,798,12
422,336,12
423,313,12
424,86,12
425,636,12
426,101,12
427,918,12
428,112,12
429,577,12
430,274,12
431,574,12
432,85,12
433,428,12
434,110,12
435,409,12
436,613,12
437,665,12
438,732,12
439,374,13
440,246,13
441,191,13
442,816,13
443,36,13
444,780,13
445,543,13
446,35,13
447,857,13
448,268,13
449,427,13
450,964,13
451,893,13
452,152,13
453,178,13
454,473,13
455,900,13
456,984,13
457,627,13
458,965,13
459,707,13
460,253,13
461,542,13
462,64,13
463,329,13
464,828,13
465,169,13
466,525,13
467,865,13
468,996,13
469,720,13
470,615,13
471,721,13
472,338,14
473,312,14
474,812,14
475,751,14
476,778,14
477,627,14
478,6,14
479,23,14
480,48,14
481,956,14
482,661,14
483,852,14
484,597,15
485,368,15
486,155,15
487,54,15
488,888,15
489,275,15
490,733,15
491,436,15
492,900,15
493,350,15
494,633,15
495,267,15
496,984,15
497,8,15
498,490,15
499,940,15
500,248,15
501,39,15
502,336,15
503,567,15
504,109,15
505,447,15
506,77,15
507,518,15
508,615,15
509,440,15
510,577,15
511,930,15
512,174,15
513,508,15
514,311,15
515,214,16
516,231,16
517,326,16
518,983,16
519,440,16
520,792,16
521,764,16
522,602,16
523,74,16
524,470,17
525,220,17
526,28,17
527,912,17
528,666,17
529,245,17
530,724,17
531,652,17
532,164,17
533,147,17
534,590,17
535,219,17
536,26,17
537,736,17
538,1,17
539,637,18
540,682,18
541,612,18
542,12,18
543,735,18
544,984,18
545,684,18
546,593,18
547,726,18
548,125,18
549,516,18
550,97,18
551,192,18
552,907,18
553,265,18
554,914,18
555,754,18
556,785,18
557,527,18
558,943,18
559,644,18
560,305,18
561,99,18
562,503,18
563,773,18
564,118,18
565,202,18
566,479,18
567,699,18
568,223,18
569,526,18
570,258,19
571,532,19
572,469,19
573,349,19
574,78,19
575,481,19
576,56,19
577,336,19
578,494,19
579,646,19
580,737,19
581,10,19
582,676,19
583,904,19
584,383,19
585,401,19
586,883,19
587,21,19
588,781,19
589,424,19
590,719,19
591,163,19
592,697,19
593,148,19
594,566,19
595,6,19
596,213,19
597,166,19
598,378,19
599,546,19
600,222,19
601,546,20
602,555,20
603,853,20
604,802,20
605,27,20
606,74,20
607,498,20
608,569,20
609,794,20
610,237,20
611,889,20
612,926,20
613,496,20
614,215,20
615,168,20
616,661,20
617,137,20
618,906,20
619,107,20
620,821,20
621,223,20
622,744,20
623,44,20
624,245,20
625,933,20
626,236,20
627,110,20
628,194,20
629,248,20
630,682,20
631,195,20
632,446,20
633,842,20
634,719,20
635,718,20
636,722,20
637,867,20
638,494,20
639,286,20
640,812,20
641,545,20
642,34,20
643,396,20
644,7,20
645,209,20
646,193,20
647,338,21
648,805,21
649,674,21
650,757,21
651,212,21
652,181,21
653,725,21
654,198,21
655,5,21
656,172,21
657,986,21
658,347,21
659,685,21
660,110,21
661,195,21
662,852,21
663,541,21
664,748,21
665,778,21
666,414,21
667,228,21
668,510,21
669,880,22
670,668,22
671,240,22
672,227,22
673,484,22
674,704,22
675,369,22
676,70,22
677,749,22
678,856,22
679,212,22
680,845,22
681,740,22
682,271,22
683,872,22
684,468,22
685,743,22
686,958,22
687,356,22
688,533,22
689,671,22
690,617,22
691,848,22
692,858,22
693,583,22
694,466,22
695,551,22
696,71,22
697,709,22
698,172,22
699,661,22
700,370,22
701,410,22
702,187,22
703,861,22
704,223,22
705,706,22
706,513,22
707,923,22
708,978,22
709,28,22
710,795,22
711,53,22
712,989,22
713,776,23
714,476,23
715,778,23
716,370,23
717,802,23
718,638,23
719,805,23
720,657,23
721,284,23
722,12,23
723,359,23
724,877,23
725,451,23
726,410,23
727,520,23
728,836,23
729,950,23
730,871,23
731,831,23
732,79,23
733,67,23
734,300,23
735,584,23
736,64,23
737,953,23
738,364,23
739,589,23
740,447,23
741,635,23
742,868,23
743,644,23
744,149,23
745,531,23
746,591,23
747,479,23
748,32,23
749,511,23
750,173,23
751,888,23
752,407,23
753,809,23
754,26,23
755,786,23
756,286,23
757,856,23
758,374,23
759,639,23
760,718,23
761,28,23
762,826,24
763,889,24
764,162,24
765,720,24
766,868,24
767,138,24
768,973,24
769,533,24
770,594,24
771,789,24
772,857,24
773,398,24
774,929,24
775,31,24
776,484,24
777,19,24
778,26,24
779,46,24
780,97,24
781,20,25
782,57,25
783,203,25
784,180,25
785,83,25
786,637,25
787,707,25
788,750,25
789,656,25
790,6,26
791,829,26
792,258,26
793,314,26
794,762,26
795,482,26
796,671,26
797,878,26
798,186,26
799,642,26
800,478,26
801,255,26
802,839,26
803,20,26
804,560,26
805,873,26
806,421,26
807,670,26
808,311,26
809,220,27
810,829,27
811,695,27
812,630,27
813,159,27
814,280,27
815,543,27
816,949,27
817,249,27
818,834,27
819,535,27
820,587,27
821,179,27
822,317,27
823,1000,27
824,376,27
825,447,27
826,12,27
827,919,27
828,993,27
829,922,27
830,853,27
831,614,27
832,733,27
833,589,27
834,136,27
835,139,27
836,509,27
837,525,27
838,314,28
839,712,28
840,320,28
841,85,28
842,262,28
843,567,28
844,607,28
845,125,28
846,322,28
847,206,28
848,934,28
849,624,28
850,701,28
851,838,28
852,496,28
853,559,28
854,337,28
855,93,28
856,860,28
857,98,28
858,960,28
859,558,28
860,521,28
861,982,28
862,641,28
863,713,28
864,942,28
865,776,28
866,959,28
867,630,29
868,627,29
869,587,29
870,248,29
871,823,29
872,322,29
873,697,29
874,545,29
875,76,29
876,140,30
877,259,30
878,968,30
879,253,30
880,780,30
881,849,30
882,882,30
883,42,30
884,115,30
885,532,30
886,504,30
887,432,31
888,838,31
889,309,31
890,104,31
891,933,31
892,288,31
893,628,31
894,155,31
895,423,31
896,237,31
897,437,31
898,503,31
899,29,31
900,309,32
901,256,32
902,928,32
903,280,32
904,3,32
905,865,32
906,851,32
907,332,32
908,903,32
909,140,32
910,247,32
911,274,32
912,482,32
913,964,32
914,212,32
915,244,32
916,765,32
917,731,32
918,102,32
919,220,32
920,516,32
921,835,32
922,126,32
923,699,32
924,488,32
925,381,32
926,402,32
927,768,32
928,358,32
929,587,32
930,709,32
931,853,32
932,434,32
933,261,32
934,237,32
935,654,32
936,897,32
937,276,32
938,874,32
939,338,32
940,908,32
941,110,32
942,780,32
943,907,32
944,920,33
945,899,33
946,255,33
947,114,33
948,741,33
949,620,33
950,787,33
951,954,33
952,71,33
953,580,33
954,126,33
955,162,33
956,204,33
957,280,33
958,323,33
959,930,33
960,11,33
961,675,33
962,48,33
963,290,33
964,488,33
965,610,33
966,110,33
967,480,33
968,370,33
969,379,34
970,741,34
971,59,34
972,356,34
973,20,34
974,696,34
975,335,34
976,962,34
977,787,34
978,751,34
979,758,34
980,749,34
981,734,34
982,155,34
983,924,34
984,754,34
985,272,34
986,517,34
987,561,35
988,735,35
989,724,35
990,935,35
991,383,35
992,671,35
993,995,35
994,794,35
995,806,35
996,8,35
997,497,35
998,888,35
999,442,35
1000,451,35
1001,397,35
1002,816,35
1003,93,35
1004,570,35
1005,884,35
1006,692,35
1007,512,35
1008,353,35
1009,731,35
1010,605,35
1011,606,35
1012,578,35
1013,322,35
1014,285,36
1015,920,36
1016,675,36
1017,270,36
1018,249,36
1019,845,36
1020,939,36
1021,667,36
1022,71,36
1023,390,36
1024,210,36
1025,885,36
1026,72,36
1027,20,36
1028,591,36
1029,568,36
1030,283,36
1031,565,36
1032,520,36
1033,15,36
1034,972,37
1035,155,37
1036,344,37
1037,424,37
1038,12,37
1039,95,37
1040,558,37
1041,711,37
1042,145,37
1043,227,37
1044,584,37
1045,577,37
1046,899,37
1047,987,37
1048,109,37
1049,446,37
1050,965,37
1051,590,37
1052,207,37
1053,435,37
1054,665,37
1055,391,37
1056,747,37
1057,2,37
1058,131,37
1059,716,37
1060,236,37
1061,839,37
1062,137,37
1063,862,37
1064,25,37
1065,705,37
1066,76,37
1067,202,37
1068,51,37
1069,872,37
1070,490,37
1071,436,37
1072,940,37
1073,792,37
1074,599,37
1075,789,37
1076,399,37
1077,697,37
1078,740,37
1079,630,38
1080,753,38
1081,46,38
1082,305,38
1083,872,38
1084,869,38
1085,192,38
1086,912,38
1087,402,38
1088,525,38
1089,968,38
1090,403,38
1091,748,38
1092,639,38
1093,965,38
1094,388,38
1095,326,38
1096,829,38
1097,413,38
1098,553,38
1099,328,38
1100,855,38
1101,84,38
1102,163,38
1103,200,38
1104,926,38
1105,419,38
1106,698,38
1107,53,38
1108,1000,38
1109,867,38
1110,891,38
1111,40,38
1112,802,38
1113,60,38
1114,870,38
1115,50,38
1116,147,38
1117,576,38
1118,477,38
1119,774,38
1120,56,38
1121,591,38
1122,143,38
1123,311,38
1124,637,38
1125,355,38
1126,800,38
1127,511,38
1128,940,38
1129,430,38
1130,717,38
1131,809,38
1132,884,39
1133,547,39
1134,83,39
1135,367,39
1136,574,39
1137,892,39
1138,966,39
1139,631,39
1140,602,39
1141,21,40
1142,8,40
1143,775,40
1144,652,40
1145,776,40
1146,421,40
1147,80,40
1148,41,40
1149,316,40
1150,429,40
1151,915,40
1152,762,40
1153,711,40
1154,444,40
1155,622,40
1156,944,40
1157,442,40
1158,913,40
1159,121,40
1160,976,40
1161,88,40
1162,515,40
1163,614,40
1164,330,40
1165,72,40
1166,656,41
1167,667,41
1168,796,41
1169,932,41
1170,249,41
1171,548,41
1172,325,41
1173,153,41
1174,226,41
1175,773,41
1176,947,41
1177,345,41
1178,253,41
1179,693,41
1180,367,41
1181,509,41
1182,580,41
1183,482,41
1184,691,41
1185,399,41
1186,301,41
1187,358,41
1188,511,41
1189,324,41
1190,791,41
1191,683,41
1192,673,41
1193,291,41
1194,272,41
1195,636,41
1196,626,41
1197,69,41
1198,80,41
1199,26,41
1200,351,41
1201,126,41
1202,157,41
1203,262,41
1204,76,41
1205,553,42
1206,993,42
1207,845,42
1208,155,42
1209,342,42
1210,359,42
1211,182,42
1212,149,42
1213,417,42
1214,822,42
1215,358,42
1216,238,42
1217,678,42
1218,795,42
1219,116,42
1220,281,42
1221,517,42
1222,551,42
1223,863,42
1224,266,42
1225,58,42
1226,409,42
1227,948,42
1228,779,42
1229,503,42
1230,857,43
1231,715,43
1232,609,43
1233,270,43
1234,806,43
1235,406,43
1236,271,43
1237,304,43
1238,859,43
1239,276,43
1240,203,43
1241,359,43
1242,333,43
1243,986,43
1244,970,43
1245,815,43
1246,269,43
1247,161,43
1248,826,43
1249,848,43
1250,853,43
1251,482,43
1252,221,43
1253,72,43
1254,360,43
1255,243,43
1256,288,43
1257,717,43
1258,869,43
1259,195,43
1260,487,43
1261,250,43
1262,666,43
1263,591,43
1264,403,43
1265,352,43
1266,77,43
1267,905,43
1268,459,43
1269,837,43
1270,414,43
1271,162,43
1272,306,43
1273,593,43
1274,104,43
1275,76,43
1276,885,44
1277,243,44
1278,977,44
1279,43,44
1280,974,44
1281,62,44
1282,511,44
1283,554,44
1284,922,44
1285,477,44
1286,106,44
1287,930,44
1288,784,44
1289,929,44
1290,260,44
1291,78,44
1292,282,44
1293,781,44
1294,689,44
1295,120,44
1296,959,44
1297,12,44
1298,414,44
1299,198,44
1300,680,44
1301,442,44
1302,702,44
1303,769,44
1304,791,44
1305,36,44
1306,795,44
1307,255,44
1308,314,44
1309,470,44
1310,906,44
1311,312,44
1312,103,44
1313,35,44
1314,566,44
1315,656,44
1316,362,44
1317,710,44
1318,899,44
1319,986,44
1320,17,44
1321,168,44
1322,79,44
1323,294,44
1324,254,44
1325,620,44
1326,62,45
1327,457,45
1328,579,45
1329,519,45
1330,937,45
1331,634,45
1332,906,45
1333,666,45
1334,202,45
1335,346,45
1336,791,45
1337,603,45
1338,950,45
1339,606,45
1340,115,45
1341,397,45
1342,24,45
1343,855,45
1344,405,45
1345,176,45
1346,448,45
1347,478,45
1348,441,45
1349,817,45
1350,734,45
1351,290,45
1352,113,45
1353,55,45
1354,828,45
1355,678,45
1356,125,45
1357,489,45
1358,813,45
1359,300,45
1360,241,45
1361,742,45
1362,715,45
1363,406,45
1364,910,45
1365,523,45
1366,413,45
1367,585,45
1368,428,45
1369,112,45
1370,537,45
1371,891,45
1372,134,45
1373,247,45
1374,600,45
1375,539,46
1376,509,46
1377,93,46
1378,689,46
1379,662,46
1380,388,46
1381,194,46
1382,245,46
1383,958,46
1384,446,46
1385,946,46
1386,248,46
1387,202,46
1388,334,46
1389,527,46
1390,392,46
1391,41,46
1392,562,46
1393,866,46
1394,496,46
1395,92,46
1396,635,46
1397,697,46
1398,791,46
1399,384,46
1400,332,46
1401,578,46
1402,230,46
1403,118,46
1404,565,46
1405,532,46
1406,987,46
1407,76,47
1408,222,47
1409,719,47
1410,523,47
1411,848,47
1412,378,47
1413,324,47
1414,400,47
1415,871,47
1416,277,47
1417,197,47
1418,231,47
1419,357,47
1420,451,47
1421,32,47
1422,55,47
1423,600,47
1424,583,47
1425,720,47
1426,932,48
1427,301,48
1428,304,48
1429,827,48
1430,939,48
1431,968,48
1432,385,48
1433,643,48
1434,979,48
1435,469,48
1436,288,48
1437,166,48
1438,282,48
1439,792,48
1440,606,48
1441,766,48
1442,718,48
1443,982,48
1444,572,48
1445,974,48
1446,890,48
1447,629,48
1448,720,48
1449,508,48
1450,708,48
1451,515,48
1452,94,48
1453,593,48
1454,642,48
1455,503,48
1456,835,48
1457,706,48
1458,682,48
1459,295,48
1460,455,48
1461,696,48
1462,539,48
1463,256,48
1464,627,48
1465,987,48
1466,737,48
1467,397,48
1468,806,48
1469,535,48
1470,263,48
1471,669,48
1472,157,48
1473,985,48
1474,530,48
1475,875,48
1476,648,48
1477,41,48
1478,605,49
1479,373,49
1480,807,49
1481,595,49
1482,263,49
1483,311,49
1484,522,49
1485,351,49
1486,856,49
1487,502,49
1488,883,49
1489,394,49
1490,710,49
1491,476,49
1492,836,49
1493,939,49
1494,729,49
1495,335,49
1496,536,49
1497,921,49
1498,742,49
1499,723,49
1500,893,49
1501,71,49
1502,337,49
1503,804,49
1504,407,49
1505,910,49
1506,396,49
1507,46,49
1508,267,49
1509,746,49
1510,832,49
1511,236,49
1512,786,49
1513,281,49
1514,125,49
1515,811,49
1516,108,49
1517,452,50
1518,557,50
1519,714,50
1520,131,50
1521,450,50
1522,643,50
1523,879,50
1524,495,50
1525,230,50
1526,406,50
1527,95,50
1528,668,50
1529,707,50
1530,512,50
1531,657,50
1532,393,50
1533,164,50
1534,360,50
1535,770,50
1536,991,50
1537,218,50
1538,824,50
1539,75,50
1540,700,50
1541,947,50
1542,107,50
1543,568,50
1544,304,50
1545,944,50
1546,587,50
1547,371,50
1548,822,50
1549,708,50
1550,775,50
1551,670,50
1552,729,50
1553,510,50
1554,44,50
1555,733,51
1556,855,51
1557,59,51
1558,16,51
1559,615,51
1560,913,51
1561,625,51
1562,504,51
1563,787,51
1564,257,51
1565,200,51
1566,936,51
1567,192,51
1568,854,51
1569,225,51
1570,440,51
1571,531,51
1572,662,51
1573,93,51
1574,205,51
1575,788,51
1576,524,51
1577,295,51
1578,879,51
1579,587,51
1580,989,51
1581,507,51
1582,152,51
1583,397,51
1584,837,51
1585,818,51
1586,222,51
1587,789,51
1588,602,51
1589,919,51
1590,695,51
1591,759,51
1592,565,51
1593,896,51
1594,951,51
1595,875,51
1596,643,52
1597,1,52
1598,195,52
1599,326,52
1600,625,52
1601,379,52
1602,757,52
1603,457,52
1604,779,52
1605,340,52
1606,909,52
1607,125,52
1608,996,52
1609,361,52
1610,641,52
1611,518,52
1612,621,52
1613,476,52
1614,678,52
1615,120,52
1616,923,52
1617,70,52
1618,529,52
1619,866,52
1620,272,52
1621,602,52
1622,842,52
1623,170,52
1624,664,52
1625,609,52
1626,304,52
1627,71,52
1628,810,52
1629,381,52
1630,487,52
1631,158,52
1632,635,52
1633,249,52
1634,113,52
1635,751,52
1636,144,52
1637,679,52
1638,960,52
1639,265,52
1640,914,52
1641,725,52
1642,74,52
1643,388,52
1644,521,52
1645,823,52
1646,334,52
1647,266,53
1648,68,53
1649,681,53
1650,500,53
1651,39,53
1652,780,53
1653,317,53
1654,401,53
1655,654,53
1656,518,53
1657,356,53
1658,118,53
1659,922,53
1660,481,53
1661,109,53
1662,848,53
1663,497,53
1664,639,53
1665,112,53
1666,775,53
1667,58,53
1668,14,53
1669,155,53
1670,684,53
1671,526,53
1672,451,54
1673,246,54
1674,955,54
1675,35,54
1676,856,54
1677,609,54
1678,467,54
1679,534,54
1680,614,54
1681,435,54
1682,695,54
1683,946,54
1684,870,54
1685,888,54
1686,11,54
1687,401,54
1688,477,54
1689,781,54
1690,938,54
1691,635,54
1692,65,54
1693,857,54
1694,257,54
1695,985,54
1696,540,54
1697,391,54
1698,776,54
1699,482,54
1700,258,54
1701,559,54
1702,249,54
1703,311,54
1704,78,54
1705,371,54
1706,843,54
1707,971,54
1708,648,54
1709,498,54
1710,424,54
1711,883,54
1712,546,54
1713,90,54
1714,87,54
1715,811,55
1716,697,55
1717,538,55
1718,331,55
1719,957,55
1720,491,55
1721,939,55
1722,699,55
1723,463,55
1724,941,55
1725,92,55
1726,323,55
1727,19,55
1728,289,55
1729,583,55
1730,210,55
1731,645,55
1732,143,55
1733,800,55
1734,324,55
1735,466,55
1736,637,55
1737,768,55
1738,769,55
1739,596,55
1740,88,55
1741,553,55
1742,607,55
1743,351,55
1744,962,55
1745,575,55
1746,807,55
1747,294,55
1748,359,55
1749,508,55
1750,756,55
1751,440,55
1752,222,55
1753,696,55
1754,76,55
1755,292,55
1756,711,55
1757,610,55
1758,486,55
1759,521,55
1760,62,55
1761,308,55
1762,563,55
1763,1,55
1764,653,55
1765,459,55
1766,592,56
1767,139,56
1768,148,56
1769,29,56
1770,199,56
1771,398,56
1772,745,56
1773,451,56
1774,674,56
1775,877,56
1776,860,56
1777,717,56
1778,680,56
1779,386,56
1780,420,56
1781,965,56
1782,824,56
1783,128,56
1784,355,56
1785,434,56
1786,658,56
1787,800,56
1788,328,56
1789,80,56
1790,887,56
1791,111,56
1792,422,56
1793,472,56
1794,235,56
1795,38,56
1796,57,56
1797,176,56
1798,1000,56
1799,671,56
1800,373,56
1801,349,56
1802,482,56
1803,926,56
1804,956,56
1805,384,56
1806,205,56
1807,552,56
1808,985,56
1809,924,56
1810,456,56
1811,516,56
1812,983,56
1813,868,56
1814,468,56
1815,55,56
1816,51,56
1817,351,56
1818,181,56
1819,182,56
1820,693,57
1821,990,57
1822,702,57
1823,918,57
1824,866,57
1825,58,57
1826,437,57
1827,29,57
1828,237,57
1829,320,57
1830,810,57
1831,835,57
1832,195,57
1833,171,57
1834,760,57
1835,546,57
1836,398,57
1837,926,57
1838,12,57
1839,435,57
1840,354,57
1841,128,57
1842,462,57
1843,467,57
1844,643,57
1845,827,57
1846,480,57
1847,883,57
1848,874,57
1849,505,57
1850,50,57
1851,576,57
1852,57,57
1853,604,57
1854,638,57
1855,672,57
1856,64,57
1857,719,57
1858,352,57
1859,805,57
1860,365,58
1861,850,58
1862,336,58
1863,853,58
1864,364,58
1865,834,58
1866,956,58
1867,83,58
1868,249,58
1869,989,58
1870,712,58
1871,696,58
1872,641,58
1873,219,58
1874,946,58
1875,967,58
1876,171,58
1877,302,58
1878,770,58
1879,502,58
1880,211,58
1881,864,58
1882,259,58
1883,866,58
1884,233,58
1885,339,58
1886,610,58
1887,972,58
1888,381,58
1889,413,58
1890,623,58
1891,706,58
1892,7,58
1893,218,58
1894,465,58
1895,676,58
1896,694,58
1897,705,58
1898,933,58
1899,979,58
1900,634,58
1901,267,58
1902,631,58
1903,187,58
1904,429,59
1905,558,59
1906,8,59
1907,877,59
1908,600,59
1909,737,59
1910,621,59
1911,686,59
1912,464,59
1913,110,59
1914,411,59
1915,956,59
1916,133,59
1917,137,59
1918,41,59
1919,970,59
1920,168,59
1921,231,59
1922,442,59
1923,260,59
1924,602,59
1925,162,59
1926,673,59
1927,606,59
1928,417,59
1929,548,59
1930,569,59
1931,751,59
1932,406,59
1933,762,59
1934,767,59
1935,200,59
1936,271,59
1937,979,59
1938,875,59
1939,783,59
1940,694,59
1941,551,59
1942,283,59
1943,183,59
1944,498,59
1945,945,59
1946,592,59
1947,326,59
1948,389,59
1949,257,59
1950,636,59
1951,946,59
1952,795,59
1953,671,60
1954,747,60
1955,202,60
1956,906,60
1957,130,60
1958,492,60
1959,16,60
1960,71,60
1961,560,60
1962,972,60
1963,279,60
1964,264,60
1965,203,60
1966,523,60
1967,458,60
1968,445,60
1969,534,60
1970,825,60
1971,615,60
1972,701,60
1973,206,60
1974,307,60
1975,148,60
1976,167,60
1977,489,60
1978,789,60
1979,979,60
1980,35,60
1981,709,60
1982,472,60
1983,698,60
1984,300,61
1985,139,61
1986,411,61
1987,898,61
1988,284,61
1989,559,61
1990,595,61
1991,529,61
1992,771,61
1993,546,61
1994,989,61
1995,227,61
1996,372,61
1997,544,61
1998,265,61
1999,593,61
2000,440,61
2001,245,61
2002,742,61
2003,51,61
2004,661,61
2005,22,61
2006,646,61
2007,34,61
2008,58,61
2009,459,61
2010,871,61
2011,394,61
2012,206,61
2013,24,61
2014,724,61
2015,575,61
2016,963,61
2017,708,61
2018,506,61
2019,729,61
2020,130,61
2021,73,61
2022,683,61
2023,479,62
2024,990,62
2025,468,62
2026,938,62
2027,711,62
2028,313,62
2029,349,62
2030,709,62
2031,846,62
2032,618,62
2033,660,62
2034,40,62
2035,939,62
2036,412,62
2037,924,62
2038,219,62
2039,953,62
2040,485,62
2041,126,62
2042,296,62
2043,225,62
2044,66,62
2045,923,62
2046,344,62
2047,6,62
2048,902,62
2049,474,62
2050,426,62
2051,408,62
2052,891,62
2053,788,62
2054,310,62
2055,106,62
2056,343,62
2057,397,62
2058,269,62
2059,536,62
2060,206,62
2061,181,62
2062,158,62
2063,513,62
2064,94,62
2065,895,62
2066,558,63
2067,930,63
2068,109,63
2069,920,63
2070,106,63
2071,136,63
2072,422,63
2073,130,63
2074,895,63
2075,420,63
2076,446,63
2077,254,63
2078,767,63
2079,485,63
2080,765,63
2081,337,63
2082,386,63
2083,124,63
2084,710,63
2085,971,63
2086,19,63
2087,793,63
2088,329,63
2089,950,63
2090,288,63
2091,18,63
2092,728,63
2093,530,63
2094,677,63
2095,139,63
2096,135,63
2097,937,63
2098,370,63
2099,210,63
2100,17,63
2101,541,63
2102,758,63
2103,185,63
2104,183,63
2105,779,63
2106,259,64
2107,626,64
2108,613,64
2109,627,64
2110,3,64
2111,664,64
2112,411,64
2113,530,64
2114,416,64
2115,825,64
2116,426,64
2117,282,64
2118,937,64
2119,145,64
2120,524,64
2121,977,64
2122,729,64
2123,175,64
2124,349,64
2125,720,64
2126,196,64
2127,887,64
2128,640,64
2129,762,64
2130,67,64
2131,215,64
2132,717,64
2133,1,64
2134,253,64
2135,722,64
2136,879,64
2137,440,64
2138,615,64
2139,466,64
2140,929,64
2141,415,64
2142,475,64
2143,467,64
2144,955,64
2145,954,64
2146,239,64
2147,45,64
2148,812,65
2149,351,65
2150,842,65
2151,193,65
2152,133,65
2153,169,65
2154,679,65
2155,5,65
2156,725,65
2157,309,65
2158,98,65
2159,716,65
2160,835,65
2161,245,65
2162,86,65
2163,296,65
2164,905,65
2165,395,65
2166,317,65
2167,793,65
2168,891,65
2169,3,65
2170,139,65
2171,732,65
2172,418,65
2173,308,65
2174,240,65
2175,451,65
2176,794,65
2177,582,65
2178,463,65
2179,486,65
2180,414,65
2181,677,65
2182,509,65
2183,127,65
2184,79,65
2185,852,65
2186,260,65
2187,238,65
2188,624,65
2189,215,65
2190,122,65
2191,72,65
2192,345,66
2193,466,66
2194,617,66
2195,430,66
2196,21,66
2197,462,66
2198,302,66
2199,271,66
2200,612,66
2201,114,66
2202,318,66
2203,665,66
2204,729,66
2205,733,66
2206,549,66
2207,628,66
2208,532,66
2209,949,66
2210,363,66
2211,204,66
2212,749,66
2213,311,66
2214,453,66
2215,76,66
2216,834,66
2217,574,66
2218,23,66
2219,889,66
2220,288,66
2221,986,66
2222,517,66
2223,579,66
2224,473,66
2225,800,66
2226,506,66
2227,745,66
2228,835,66
2229,115,66
2230,402,66
2231,992,66
2232,9,66
2233,552,66
2234,297,66
2235,227,66
2236,701,67
2237,904,67
2238,236,67
2239,124,67
2240,558,67
2241,899,67
2242,724,67
2243,916,67
2244,149,67
2245,297,67
2246,847,67
2247,470,67
2248,42,67
2249,893,67
2250,710,67
2251,458,67
2252,320,67
2253,466,67
2254,129,67
2255,671,67
2256,351,67
2257,636,67
2258,752,67
2259,353,67
2260,934,67
2261,946,67
2262,675,67
2263,153,67
2264,56,67
2265,193,68
2266,109,68
2267,946,68
2268,190,68
2269,342,68
2270,667,68
2271,288,68
2272,386,68
2273,253,68
2274,345,68
2275,883,68
2276,909,68
2277,566,68
2278,282,68
2279,364,68
2280,624,68
2281,310,68
2282,377,68
2283,178,68
2284,118,68
2285,491,68
2286,216,68
2287,173,68
2288,824,68
2289,681,68
2290,773,68
2291,502,68
2292,594,68
2293,547,68
2294,73,68
2295,373,68
2296,727,68
2297,506,68
2298,827,68
2299,776,68
2300,362,68
2301,25,68
2302,330,69
2303,382,69
2304,740,69
2305,17,69
2306,308,69
2307,977,69
2308,985,69
2309,69,69
2310,732,69
2311,905,69
2312,189,69
2313,150,69
2314,349,69
2315,967,69
2316,202,69
2317,915,69
2318,392,69
2319,271,69
2320,525,69
2321,987,69
2322,933,69
2323,888,69
2324,133,69
2325,284,69
2326,144,69
2327,286,69
2328,689,69
2329,160,69
2330,847,69
2331,539,69
2332,544,69
2333,104,69
2334,560,69
2335,85,69
2336,269,69
2337,749,69
2338,146,69
2339,29,69
2340,788,69
2341,793,69
2342,346,69
2343,776,69
2344,434,69
2345,545,69
2346,245,69
2347,196,69
2348,283,69
2349,753,70
2350,49,70
2351,239,70
2352,131,70
2353,671,70
2354,470,70
2355,188,70
2356,263,70
2357,294,70
2358,207,70
2359,174,70
2360,186,70
2361,697,70
2362,545,70
2363,880,70
2364,200,70
2365,14,70
2366,544,71
2367,322,71
2368,661,71
2369,283,71
2370,434,71
2371,30,71
2372,247,71
2373,458,71
2374,357,71
2375,46,71
2376,727,71
2377,382,71
2378,349,71
2379,207,71
2380,548,71
2381,127,71
2382,162,71
2383,777,71
2384,149,71
2385,47,71
2386,536,71
2387,883,71
2388,266,71
2389,688,71
2390,716,71
2391,540,71
2392,636,71
2393,712,71
2394,326,71
2395,656,71
2396,112,71
2397,143,71
2398,850,71
2399,935,71
2400,91,71
2401,708,71
2402,846,72
2403,412,72
2404,202,72
2405,982,72
2406,912,72
2407,310,72
2408,153,72
2409,261,72
2410,739,72
2411,67,72
2412,184,72
2413,893,72
2414,719,72
2415,744,72
2416,264,72
2417,545,72
2418,64,72
2419,717,72
2420,339,72
2421,546,72
2422,353,72
2423,78,72
2424,796,72
2425,77,72
2426,43,72
2427,879,72
2428,124,72
2429,700,72
2430,513,72
2431,135,72
2432,758,72
2433,466,72
2434,74,72
2435,260,72
2436,937,72
2437,451,72
2438,542,72
2439,472,72
2440,442,72
2441,586,72
2442,548,72
2443,4,72
2444,609,72
2445,642,72
2446,710,73
2447,4,73
2448,703,73
2449,173,73
2450,937,73
2451,454,73
2452,911,73
2453,621,73
2454,662,73
2455,301,73
2456,283,73
2457,490,73
2458,684,73
2459,281,73
2460,491,73
2461,860,73
2462,95,73
2463,658,73
2464,196,73
2465,752,73
2466,21,73
2467,783,73
2468,209,73
2469,668,73
2470,856,73
2471,542,73
2472,405,73
2473,597,73
2474,737,73
2475,93,73
2476,329,73
2477,460,73
2478,989,73
2479,421,73
2480,51,73
2481,687,73
2482,527,73
2483,680,73
2484,832,73
2485,62,73
2486,590,73
2487,810,73
2488,628,73
2489,725,73
2490,870,73
2491,9,73
2492,13,74
2493,484,74
2494,599,74
2495,966,74
2496,741,74
2497,607,74
2498,267,74
2499,95,74
2500,829,74
2501,338,74
2502,679,74
2503,131,74
2504,523,74
2505,542,74
2506,839,74
2507,389,74
2508,983,74
2509,136,74
2510,823,74
2511,76,74
2512,357,74
2513,71,74
2514,592,74
2515,631,74
2516,471,74
2517,689,74
2518,947,74
2519,33,74
2520,866,74
2521,415,74
2522,342,74
2523,841,74
2524,253,74
2525,935,74
2526,37,74
2527,249,74
2528,342,75
2529,959,75
2530,788,75
2531,148,75
2532,457,75
2533,980,75
2534,535,75
2535,159,75
2536,100,75
2537,348,75
2538,163,75
2539,23,75
2540,386,75
2541,413,75
2542,714,76
2543,242,76
2544,683,76
2545,447,76
2546,698,76
2547,109,76
2548,976,76
2549,886,76
2550,80,76
2551,821,76
2552,492,76
2553,681,76
2554,136,76
2555,17,76
2556,610,76
2557,670,76
2558,230,76
2559,718,76
2560,289,76
2561,672,76
2562,561,76
2563,508,77
2564,883,77
2565,572,77
2566,618,77
2567,382,77
2568,841,77
2569,691,77
2570,849,77
2571,559,77
2572,82,77
2573,662,77
2574,302,77
2575,578,77
2576,321,77
2577,996,77
2578,500,77
2579,639,77
2580,105,77
2581,568,77
2582,835,77
2583,428,77
2584,193,77
2585,825,77
2586,479,77
2587,873,77
2588,341,77
2589,130,77
2590,217,77
2591,118,77
2592,833,77
2593,571,77
2594,187,77
2595,921,77
2596,219,77
2597,905,77
2598,220,77
2599,380,77
2600,25,77
2601,721,77
2602,252,77
2603,303,78
2604,788,78
2605,496,78
2606,85,78
2607,234,78
2608,107,78
2609,426,78
2610,907,78
2611,241,78
2612,453,78
2613,440,78
2614,435,78
2615,398,78
2616,627,78
2617,611,78
2618,29,78
2619,362,78
2620,3,78
2621,511,78
2622,103,78
2623,37,79
2624,836,79
2625,696,79
2626,676,79
2627,924,79
2628,347,79
2629,134,79
2630,357,79
2631,983,79
2632,546,79
2633,614,79
2634,278,79
2635,473,79
2636,519,79
2637,102,79
2638,12,79
2639,904,79
2640,558,80
2641,179,80
2642,417,80
2643,25,80
2644,223,80
2645,15,80
2646,3,80
2647,245,80
2648,547,80
2649,849,80
2650,816,80
2651,398,80
2652,346,80
2653,505,80
2654,831,80
2655,543,80
2656,862,80
2657,552,80
2658,303,80
2659,894,80
2660,348,80
2661,542,80
2662,48,80
2663,410,80
2664,609,80
2665,161,80
2666,840,80
2667,55,80
2668,212,80
2669,921,80
2670,186,81
2671,645,81
2672,818,81
2673,351,81
2674,484,81
2675,555,81
2676,972,81
2677,106,81
2678,921,81
2679,673,81
2680,259,81
2681,842,81
2682,593,81
2683,61,81
2684,853,81
2685,590,81
2686,139,81
2687,35,82
2688,984,82
2689,235,82
2690,549,82
2691,568,82
2692,719,82
2693,326,82
2694,387,82
2695,419,82
2696,331,82
2697,335,82
2698,679,82
2699,961,82
2700,858,82
2701,225,82
2702,600,82
2703,536,82
2704,10,82
2705,880,82
2706,455,82
2707,656,82
2708,535,83
2709,73,83
2710,12,83
2711,619,83
2712,477,83
2713,748,83
2714,193,83
2715,74,83
2716,401,83
2717,534,83
2718,346,83
2719,108,83
2720,281,83
2721,519,83
2722,982,83
2723,422,83
2724,912,83
2725,406,83
2726,266,83
2727,441,83
2728,761,83
2729,603,83
2730,7,83
2731,776,83
2732,779,83
2733,355,83
2734,273,83
2735,116,83
2736,663,83
2737,232,83
2738,244,83
2739,800,83
2740,550,83
2741,490,83
2742,819,83
2743,821,83
2744,962,83
2745,322,83
2746,923,83
2747,324,83
2748,292,83
2749,796,83
2750,81,83
2751,613,83
2752,729,83
2753,212,83
2754,260,83
2755,582,83
2756,808,83
2757,240,83
2758,251,84
2759,800,84
2760,519,84
2761,359,84
2762,293,84
2763,650,84
2764,593,84
2765,976,84
2766,365,84
2767,412,84
2768,832,84
2769,377,84
2770,65,84
2771,171,84
2772,1000,84
2773,771,84
2774,187,84
2775,399,84
2776,193,85
2777,310,85
2778,909,85
2779,97,85
2780,463,85
2781,88,85
2782,525,85
2783,375,85
2784,781,85
2785,873,85
2786,765,85
2787,477,85
2788,705,85
2789,356,85
2790,105,85
2791,480,86
2792,370,86
2793,961,86
2794,332,86
2795,145,86
2796,184,86
2797,301,86
2798,20,86
2799,13,86
2800,325,86
2801,285,86
2802,217,86
2803,533,86
2804,462,86
2805,561,86
2806,323,86
2807,551,86
2808,104,86
2809,504,86
2810,748,86
2811,348,87
2812,310,87
2813,801,87
2814,457,87
2815,696,87
2816,651,87
2817,685,87
2818,597,87
2819,631,87
2820,290,87
2821,657,87
2822,50,87
2823,735,87
2824,54,87
2825,131,87
2826,487,87
2827,6,87
2828,653,87
2829,834,87
2830,951,87
2831,204,87
2832,434,87
2833,528,87
2834,913,87
2835,289,87
2836,43,87
2837,272,87
2838,130,87
2839,873,87
2840,722,87
2841,319,87
2842,658,87
2843,126,87
2844,496,87
2845,846,87
2846,185,87
2847,415,87
2848,174,87
2849,412,87
2850,439,87
2851,971,88
2852,144,88
2853,297,88
2854,952,88
2855,446,88
2856,992,88
2857,846,88
2858,432,88
2859,762,88
2860,819,89
2861,5,89
2862,76,89
2863,512,89
2864,594,89
2865,344,89
2866,511,89
2867,951,89
2868,500,89
2869,454,89
2870,933,89
2871,613,89
2872,831,89
2873,621,89
2874,662,89
2875,143,89
2876,492,89
2877,439,89
2878,627,89
2879,743,89
2880,668,89
2881,501,89
2882,510,89
2883,916,89
2884,213,89
2885,782,89
2886,707,89
2887,632,89
2888,873,89
2889,167,89
2890,865,89
2891,432,89
2892,811,89
2893,83,90
2894,305,90
2895,293,90
2896,112,90
2897,619,90
2898,51,90
2899,436,90
2900,741,90
2901,836,90
2902,227,90
2903,786,90
2904,383,90
2905,71,90
2906,74,91
2907,541,91
2908,814,91
2909,467,91
2910,350,91
2911,517,91
2912,194,91
2913,298,91
2914,262,91
2915,71,91
2916,171,91
2917,199,91
2918,216,91
2919,201,91
2920,319,91
2921,105,91
2922,649,91
2923,886,91
2924,347,91
2925,406,91
2926,293,91
2927,239,91
2928,991,91
2929,597,91
2930,774,92
2931,855,92
2932,249,92
2933,110,92
2934,765,92
2935,288,92
2936,835,92
2937,824,92
2938,376,92
2939,541,92
2940,341,92
2941,295,92
2942,280,92
2943,94,92
2944,124,92
2945,696,92
2946,384,92
2947,807,93
2948,992,93
2949,995,93
2950,472,93
2951,267,93
2952,363,93
2953,110,93
2954,212,93
2955,462,93
2956,304,93
2957,23,93
2958,234,93
2959,976,93
2960,706,93
2961,91,93
2962,454,93
2963,772,93
2964,326,93
2965,521,93
2966,564,93
2967,983,93
2968,336,93
2969,629,93
2970,907,93
2971,81,93
2972,419,93
2973,53,93
2974,821,93
2975,218,93
2976,434,93
2977,342,93
2978,76,93
2979,220,93
2980,596,93
2981,576,93
2982,651,93
2983,513,93
2984,619,93
2985,902,93
2986,169,93
2987,340,93
2988,994,93
2989,775,93
2990,562,93
2991,693,93
2992,586,93
2993,724,93
2994,804,93
2995,35,93
2996,224,93
2997,94,93
2998,831,94
2999,270,94
3000,725,94
3001,801,94
3002,421,94
3003,604,94
3004,921,94
3005,607,94
3006,862,94
3007,389,94
3008,122,94
3009,637,94
3010,216,94
3011,584,94
3012,173,94
3013,561,94
3014,880,94
3015,644,94
3016,981,94
3017,810,94
3018,447,94
3019,361,94
3020,313,94
3021,778,94
3022,791,94
3023,514,94
3024,499,94
3025,196,94
3026,53,94
3027,226,94
3028,312,94
3029,577,94
3030,204,94
3031,120,94
3032,155,94
3033,212,94
3034,836,94
3035,793,94
3036,57,94
3037,354,94
3038,123,94
3039,533,94
3040,4,94
3041,651,94
3042,766,94
3043,993,94
3044,70,94
3045,602,94
3046,202,94
3047,639,94
3048,564,94
3049,153,94
3050,384,95
3051,572,95
3052,704,95
3053,359,95
3054,370,95
3055,237,95
3056,809,95
3057,743,95
3058,205,95
3059,509,95
3060,459,95
3061,591,95
3062,326,95
3063,31,95
3064,241,95
3065,740,95
3066,378,95
3067,124,95
3068,492,95
3069,994,95
3070,363,95
3071,217,95
3072,385,95
3073,21,95
3074,683,95
3075,40,95
3076,669,95
3077,718,95
3078,166,95
3079,595,95
3080,796,95
3081,13,95
3082,567,95
3083,873,95
3084,512,96
3085,267,96
3086,775,96
3087,739,96
3088,653,96
3089,790,96
3090,455,96
3091,215,96
3092,784,96
3093,146,96
3094,916,96
3095,838,96
3096,318,96
3097,522,96
3098,957,96
3099,831,96
3100,616,96
3101,946,96
3102,767,96
3103,745,96
3104,431,96
3105,480,96
3106,452,96
3107,753,96
3108,32,96
3109,952,97
3110,116,97
3111,427,97
3112,136,97
3113,508,97
3114,515,97
3115,543,97
3116,922,97
3117,631,97
3118,972,97
3119,8,97
3120,522,97
3121,397,97
3122,637,97
3123,846,97
3124,712,97
3125,736,97
3126,622,97
3127,850,97
3128,9,97
3129,155,97
3130,674,97
3131,816,97
3132,41,97
3133,161,97
3134,507,97
3135,708,97
3136,274,97
3137,162,97
3138,732,97
3139,737,97
3140,22,97
3141,105,97
3142,968,97
3143,586,97
3144,188,97
3145,909,97
3146,894,97
3147,82,97
3148,345,97
3149,795,97
3150,306,97
3151,84,97
3152,92,97
3153,660,97
3154,100,97
3155,514,97
3156,205,97
3157,335,97
3158,470,97
3159,907,97
3160,619,97
3161,844,97
3162,620,98
3163,302,98
3164,645,98
3165,403,98
3166,981,98
3167,416,98
3168,228,98
3169,732,98
3170,586,98
3171,412,98
3172,573,98
3173,702,98
3174,870,98
3175,514,98
3176,747,98
3177,336,98
3178,342,98
3179,821,98
3180,755,98
3181,83,98
3182,643,98
3183,596,98
3184,76,98
3185,972,98
3186,710,98
3187,452,98
3188,143,98
3189,875,98
3190,664,98
3191,70,99
3192,236,99
3193,886,99
3194,320,99
3195,238,99
3196,405,99
3197,201,99
3198,767,99
3199,670,99
3200,196,99
3201,45,99
3202,825,99
3203,408,99
3204,410,99
3205,662,99
3206,359,99
3207,396,99
3208,521,99
3209,352,99
3210,271,99
3211,688,99
3212,805,99
3213,863,99
3214,528,99
3215,874,99
3216,856,99
3217,587,99
3218,469,99
3219,417,99
3220,654,99
3221,168,99
3222,754,100
3223,768,100
3224,422,100
3225,743,100
3226,704,100
3227,708,100
3228,994,100
3229,117,100
3230,706,100
3231,597,100
3232,281,100
3233,3,100
3234,236,100
3235,168,100
3236,309,100
3237,664,100
3238,324,100
3239,599,100
3240,455,100
3241,172,100
3242,684,100
3243,53,100
3244,139,100
3245,326,100
3246,113,100
3247,969,100
3248,687,100
3249,30,100
3250,190,100
3251,397,100
3252,446,100
3253,69,100
3254,718,100
3255,177,100
3256,25,100
3257,154,100
3258,221,100
3259,777,100
3260,846,100
3261,805,100
3262,531,100
3263,198,100
3264,257,100
3265,977,100
